record_id,info_s1_r1_e1_timestamp,info_recruit_s1_r1_e1,info_where_s1_r1_e1,info_age_s1_r1_e1,info_vision_s1_r1_e1,info_colorblind_s1_r1_e1,info_injury_s1_r1_e1,info_english_s1_r1_e1,info_internet_s1_r1_e1,info_webcam_s1_r1_e1,info_record_s1_r1_e1,info_computer_s1_r1_e1,info_mobile_s1_r1_e1,info_mobile_remind_s1_r1_e1,info_note_s1_r1_e1,info_s1_r1_e1_complete,consent_1a_timestamp,consent_yn,consent_1a_complete,demo_s1_r1_e1_timestamp,demo_hand_s1_r1_e1,demo_pronouns_s1_r1_e1,demo_otherpron_s1_r1_e1,demo_sex_s1_r1_e1,demo_gender_s1_r1_e1,demo_orientation_s1_r1_e1,demo_ethnic_s1_r1_e1___1,demo_ethnic_s1_r1_e1___2,demo_ethnic_s1_r1_e1___3,demo_ethnic_s1_r1_e1___4,demo_ethnic_s1_r1_e1___5,demo_ethnic_s1_r1_e1___6,demo_ethnic_s1_r1_e1___7,demo_ethnic_s1_r1_e1___8,demo_ethnic_s1_r1_e1___9,demo_otherethnic_s1_r1_e1,demo_location_s1_r1_e1,demo_otherloc_s1_r1_e1,demo_edu_s1_r1_e1___1,demo_edu_s1_r1_e1___2,demo_edu_s1_r1_e1___3,demo_edu_s1_r1_e1___4,demo_edu_s1_r1_e1___5,demo_edu_s1_r1_e1___6,demo_edu_s1_r1_e1___7,demo_edu_s1_r1_e1___8,demo_edu_s1_r1_e1___9,demo_edu_s1_r1_e1___10,demo_edu_s1_r1_e1___11,demo_edu_s1_r1_e1___12,demo_othered_s1_r1_e1,demo_student_s1_r1_e1,demo_major_s1_r1_e1,demo_employment_s1_r1_e1,demo_children_s1_r1_e1,demo_kidages_s1_r1_e1,demo_religion_s1_r1_e1,demo_socialclass_s1_r1_e1,demo_income_s1_r1_e1,demo_sleep_s1_r1_e1,demo_exercise_s1_r1_e1,demo_diet_s1_r1_e1,demo_caffeine_s1_r1_e1,demo_takemeds_s1_r1_e1,demo_medications_s1_r1_e1,demo_diagnose_s1_r1_e1,demo_disorders_s1_r1_e1,demo_chronic_s1_r1_e1,demo_conditions_s1_r1_e1,demo_s1_r1_e1_complete,covid_s1_r1_e1_timestamp,covid_i1_sub1_s1_r1_e1,covid_i1_sub2_s1_r1_e1,covid_i1_sub3_s1_r1_e1,covid_i2_s1_r1_e1,covid_i3_sub1_s1_r1_e1,covid_i3_sub2_s1_r1_e1,covid_i3_sub3_s1_r1_e1,covid_i4_sub1_s1_r1_e1,covid_i4_sub2_s1_r1_e1,covid_i4_sub3_s1_r1_e1,covid_i5_s1_r1_e1,covid_i6_sub1_s1_r1_e1,covid_i6_sub2_s1_r1_e1,covid_i6_sub3_s1_r1_e1,covid_i7_s1_r1_e1___1,covid_i7_s1_r1_e1___2,covid_i7_s1_r1_e1___3,covid_i7_s1_r1_e1___4,covid_i8_s1_r1_e1,covid_i9_s1_r1_e1___1,covid_i9_s1_r1_e1___2,covid_i9_s1_r1_e1___3,covid_i9_s1_r1_e1___4,covid_i9_s1_r1_e1___5,covid_i9_s1_r1_e1___6,covid_i10_s1_r1_e1___1,covid_i10_s1_r1_e1___2,covid_i10_s1_r1_e1___3,covid_i10_s1_r1_e1___4,covid_i10_s1_r1_e1___5,covid_i10_s1_r1_e1___6,covid_i10_s1_r1_e1___7,covid_i10_s1_r1_e1___8,covid_i11_sub1_s1_r1_e1,covid_i11_sub2_s1_r1_e1,covid_i11_sub3_s1_r1_e1,covid_i12_sub1_s1_r1_e1,covid_i12_sub2_s1_r1_e1,covid_i12_sub3_s1_r1_e1,covid_i13_sub1_s1_r1_e1,covid_i13_sub2_s1_r1_e1,covid_i13_sub3_s1_r1_e1,covid_i14_sub1_s1_r1_e1,covid_i14_sub2_s1_r1_e1,covid_i14_sub3_s1_r1_e1,covid_i15_sub1_s1_r1_e1,covid_i15_sub2_s1_r1_e1,covid_i15_sub3_s1_r1_e1,covid_i16_sub1_s1_r1_e1,covid_i16_sub2_s1_r1_e1,covid_i16_sub3_s1_r1_e1,covid_i17_sub1_s1_r1_e1,covid_i17_sub2_s1_r1_e1,covid_i17_sub3_s1_r1_e1,covid_i18_s1_r1_e1,covid_i19_s1_r1_e1,covid_i20_s1_r1_e1,covid_i21_s1_r1_e1,covid_i22_s1_r1_e1,covid_i23_s1_r1_e1,covid_i24_sub1_s1_r1_e1,covid_i24_sub2_s1_r1_e1,covid_s1_r1_e1_complete,edshvs_s1_r1_e1_timestamp,eds_i1_s1_r1_e1,eds_i2_s1_r1_e1,eds_i3_s1_r1_e1,eds_i4_s1_r1_e1,eds_i5_s1_r1_e1,eds_i6_s1_r1_e1___1,eds_i6_s1_r1_e1___2,eds_i6_s1_r1_e1___3,eds_i6_s1_r1_e1___4,eds_i6_s1_r1_e1___5,eds_i6_s1_r1_e1___6,eds_i6_s1_r1_e1___7,eds_i6_s1_r1_e1___8,eds_i6_s1_r1_e1___9,eds_i6_s1_r1_e1___10,eds_i6_s1_r1_e1___11,eds_i6_s1_r1_e1___12,eds_i6_s1_r1_e1___13,eds_i6_other_s1_r1_e1,hvs_i1_s1_r1_e1,hvs_i2_s1_r1_e1,hvs_i3_s1_r1_e1,hvs_i4_s1_r1_e1,hvs_i5_s1_r1_e1,hvs_i6_s1_r1_e1,edshvs_s1_r1_e1_complete,ambirmbi_s1_r1_e1_timestamp,ambi_i1_s1_r1_e1,ambi_i2_s1_r1_e1,ambi_i3_s1_r1_e1,ambi_i4_s1_r1_e1,ambi_i5_s1_r1_e1,ambi_i6_s1_r1_e1,ambi_i7_s1_r1_e1,ambi_i8_s1_r1_e1,ambi_i9_s1_r1_e1,ambi_i10_s1_r1_e1,ambi_i11_s1_r1_e1,ambi_i12_s1_r1_e1,ambi_i13_s1_r1_e1,ambi_i14_s1_r1_e1,ambi_i15_s1_r1_e1,ambi_i16_s1_r1_e1,rmbi_i1_s1_r1_e1,rmbi_i2_s1_r1_e1,rmbi_i3_s1_r1_e1,rmbi_i4_s1_r1_e1,rmbi_i5_s1_r1_e1,rmbi_i6_s1_r1_e1,rmbi_i7_s1_r1_e1,rmbi_i8_s1_r1_e1,rmbi_i9_s1_r1_e1,rmbi_i10_s1_r1_e1,rmbi_i11_s1_r1_e1,rmbi_i12_s1_r1_e1,rmbi_i13_s1_r1_e1,rmbi_i14_s1_r1_e1,rmbi_i15_s1_r1_e1,rmbi_i16_s1_r1_e1,rmbi_i17_s1_r1_e1,rmbi_i18_s1_r1_e1,ambirmbi_s1_r1_e1_complete,adexi_s1_r2_e2_timestamp,adexi_i1_s1_r2_e2,adexi_i2_s1_r2_e2,adexi_i3_s1_r2_e2,adexi_i4_s1_r2_e2,adexi_i5_s1_r2_e2,adexi_i6_s1_r2_e2,adexi_i7_s1_r2_e2,adexi_i8_s1_r2_e2,adexi_i9_s1_r2_e2,adexi_i10_s1_r2_e2,adexi_i11_s1_r2_e2,adexi_i12_s1_r2_e2,adexi_i13_s1_r2_e2,adexi_i14_s1_r2_e2,adexi_s1_r2_e2_complete,scaared_s1_r1_e1_timestamp,scaared_i1_s1_r1_e1,scaared_i2_s1_r1_e1,scaared_i3_s1_r1_e1,scaared_i4_s1_r1_e1,scaared_i5_s1_r1_e1,scaared_i6_s1_r1_e1,scaared_i7_s1_r1_e1,scaared_i8_s1_r1_e1,scaared_i9_s1_r1_e1,scaared_i10_s1_r1_e1,scaared_i11_s1_r1_e1,scaared_i12_s1_r1_e1,scaared_i13_s1_r1_e1,scaared_i14_s1_r1_e1,scaared_i15_s1_r1_e1,scaared_i16_s1_r1_e1,scaared_i17_s1_r1_e1,scaared_i18_s1_r1_e1,scaared_i19_s1_r1_e1,scaared_i20_s1_r1_e1,scaared_i21_s1_r1_e1,scaared_i22_s1_r1_e1,scaared_i23_s1_r1_e1,scaared_i24_s1_r1_e1,scaared_i25_s1_r1_e1,scaared_i26_s1_r1_e1,scaared_i27_s1_r1_e1,scaared_i28_s1_r1_e1,scaared_i29_s1_r1_e1,scaared_i30_s1_r1_e1,scaared_i31_s1_r1_e1,scaared_i32_s1_r1_e1,scaared_i33_s1_r1_e1,scaared_i34_s1_r1_e1,scaared_i35_s1_r1_e1,scaared_i36_s1_r1_e1,scaared_i37_s1_r1_e1,scaared_i38_s1_r1_e1,scaared_i39_s1_r1_e1,scaared_i40_s1_r1_e1,scaared_i41_s1_r1_e1,scaared_i42_s1_r1_e1,scaared_i43_s1_r1_e1,scaared_i44_s1_r1_e1,scaared_s1_r1_e1_complete,aq10_s1_r1_e1_timestamp,aq10_i1_s1_r1_e1,aq10_i2_s1_r1_e1,aq10_i3_s1_r1_e1,aq10_i4_s1_r1_e1,aq10_i5_s1_r1_e1,aq10_i6_s1_r1_e1,aq10_i7_s1_r1_e1,aq10_i8_s1_r1_e1,aq10_i9_s1_r1_e1,aq10_i10_s1_r1_e1,aq10_s1_r1_e1_complete,ari_s1_r1_e1_timestamp,ari_i1_s1_r1_e1,ari_i2_s1_r1_e1,ari_i3_s1_r1_e1,ari_i4_s1_r1_e1,ari_i5_s1_r1_e1,ari_i6_s1_r1_e1,ari_i7_s1_r1_e1,ari_s1_r1_e1_complete,ierq_s1_r1_e1_timestamp,ierq_i1_s1_r1_e1,ierq_i2_s1_r1_e1,ierq_i3_s1_r1_e1,ierq_i4_s1_r1_e1,ierq_i5_s1_r1_e1,ierq_i6_s1_r1_e1,ierq_i7_s1_r1_e1,ierq_i8_s1_r1_e1,ierq_i9_s1_r1_e1,ierq_i10_s1_r1_e1,ierq_i11_s1_r1_e1,ierq_i12_s1_r1_e1,ierq_i13_s1_r1_e1,ierq_i14_s1_r1_e1,ierq_i15_s1_r1_e1,ierq_i16_s1_r1_e1,ierq_i17_s1_r1_e1,ierq_i18_s1_r1_e1,ierq_i19_s1_r1_e1,ierq_i20_s1_r1_e1,ierq_s1_r1_e1_complete,baars4_s1_r1_e1_timestamp,baars4_i1_s1_r1_e1,baars4_i2_s1_r1_e1,baars4_i3_s1_r1_e1,baars4_i4_s1_r1_e1,baars4_i5_s1_r1_e1,baars4_i6_s1_r1_e1,baars4_i7_s1_r1_e1,baars4_i8_s1_r1_e1,baars4_i9_s1_r1_e1,baars4_i10_s1_r1_e1,baars4_i11_s1_r1_e1,baars4_i12_s1_r1_e1,baars4_i13_s1_r1_e1,baars4_i14_s1_r1_e1,baars4_i15_s1_r1_e1,baars4_i16_s1_r1_e1,baars4_i17_s1_r1_e1,baars4_i18_s1_r1_e1,baars4_i19_s1_r1_e1,baars4_i20_s1_r1_e1,baars4_i21_s1_r1_e1,baars4_i22_s1_r1_e1,baars4_i23_s1_r1_e1,baars4_i24_s1_r1_e1,baars4_i25_s1_r1_e1,baars4_i26_s1_r1_e1,baars4_i27_s1_r1_e1,baars4_s1_r1_e1_complete,panasrtq_s1_r1_e1_timestamp,panas_describe_s1_r1_e1,panas_i1_s1_r1_e1,panas_i2_s1_r1_e1,panas_i3_s1_r1_e1,panas_i4_s1_r1_e1,panas_i5_s1_r1_e1,panas_i6_s1_r1_e1,panas_i7_s1_r1_e1,panas_i8_s1_r1_e1,panas_i9_s1_r1_e1,panas_i10_s1_r1_e1,rtq_i1_s1_r1_e1,rtq_i2_s1_r1_e1,rtq_i3_s1_r1_e1,rtq_i4_s1_r1_e1,rtq_i5_s1_r1_e1,rtq_i6_s1_r1_e1,rtq_i7_s1_r1_e1,rtq_i8_s1_r1_e1,rtq_i9_s1_r1_e1,rtq_i10_s1_r1_e1,rtq_i11_s1_r1_e1,rtq_i12_s1_r1_e1,rtq_i13_s1_r1_e1,rtq_i14_s1_r1_e1,rtq_i15_s1_r1_e1,rtq_i16_s1_r1_e1,rtq_i17_s1_r1_e1,rtq_i18_s1_r1_e1,rtq_i19_s1_r1_e1,rtq_i20_s1_r1_e1,rtq_i21_s1_r1_e1,rtq_i22_s1_r1_e1,rtq_i23_s1_r1_e1,rtq_i24_s1_r1_e1,rtq_i25_s1_r1_e1,rtq_i26_s1_r1_e1,rtq_i27_s1_r1_e1,rtq_i28_s1_r1_e1,rtq_i29_s1_r1_e1,rtq_i30_s1_r1_e1,rtq_i31_s1_r1_e1,panasrtq_s1_r1_e1_complete,sics_s1_r1_e1_timestamp,sics_i1_s1_r1_e1,sics_i2_s1_r1_e1,sics_i3_s1_r1_e1,sics_i4_s1_r1_e1,sics_i5_s1_r1_e1,sics_i6_s1_r1_e1,sics_i7_s1_r1_e1,sics_i8_s1_r1_e1,sics_i9_s1_r1_e1,sics_i10_s1_r1_e1,sics_i11_s1_r1_e1,sics_i12_s1_r1_e1,sics_i13_s1_r1_e1,sics_i14_s1_r1_e1,sics_i15_s1_r1_e1,sics_i16_s1_r1_e1,sics_i17_s1_r1_e1,sics_i18_s1_r1_e1,sics_i19_s1_r1_e1,sics_i20_s1_r1_e1,sics_s1_r1_e1_complete,tai_s1_r1_e1_timestamp,tai_i1_s1_r1_e1,tai_i2_s1_r1_e1,tai_i3_s1_r1_e1,tai_i4_s1_r1_e1,tai_i5_s1_r1_e1,tai_i6_s1_r1_e1,tai_i7_s1_r1_e1,tai_i8_s1_r1_e1,tai_i9_s1_r1_e1,tai_i10_s1_r1_e1,tai_i11_s1_r1_e1,tai_i12_s1_r1_e1,tai_i13_s1_r1_e1,tai_i14_s1_r1_e1,tai_i15_s1_r1_e1,tai_i16_s1_r1_e1,tai_i17_s1_r1_e1,tai_i18_s1_r1_e1,tai_i19_s1_r1_e1,tai_i20_s1_r1_e1,tai_i21_s1_r1_e1,tai_i22_s1_r1_e1,tai_i23_s1_r1_e1,tai_i24_s1_r1_e1,tai_i25_s1_r1_e1,tai_i26_s1_r1_e1,tai_i27_s1_r1_e1,tai_i28_s1_r1_e1,tai_i29_s1_r1_e1,tai_i30_s1_r1_e1,tai_i31_s1_r1_e1,tai_i32_s1_r1_e1,tai_i33_s1_r1_e1,tai_i34_s1_r1_e1,tai_i35_s1_r1_e1,tai_i36_s1_r1_e1,tai_i37_s1_r1_e1,tai_i38_s1_r1_e1,tai_i39_s1_r1_e1,tai_i40_s1_r1_e1,tai_i41_s1_r1_e1,tai_i42_s1_r1_e1,tai_i43_s1_r1_e1,tai_i44_s1_r1_e1,tai_i45_s1_r1_e1,tai_i46_s1_r1_e1,tai_i47_s1_r1_e1,tai_i48_s1_r1_e1,tai_i49_s1_r1_e1,tai_i50_s1_r1_e1,tai_s1_r1_e1_complete,srq_s1_r1_e1_timestamp,srq_i1_s1_r1_e1,srq_i2_s1_r1_e1,srq_i3_s1_r1_e1,srq_i4_s1_r1_e1,srq_i5_s1_r1_e1,srq_i6_s1_r1_e1,srq_i7_s1_r1_e1,srq_i8_s1_r1_e1,srq_i9_s1_r1_e1,srq_i10_s1_r1_e1,srq_i11_s1_r1_e1,srq_i12_s1_r1_e1,srq_i13_s1_r1_e1,srq_i14_s1_r1_e1,srq_i15_s1_r1_e1,srq_i16_s1_r1_e1,srq_i17_s1_r1_e1,srq_i18_s1_r1_e1,srq_i19_s1_r1_e1,srq_i20_s1_r1_e1,srq_i21_s1_r1_e1,srq_i22_s1_r1_e1,srq_i23_s1_r1_e1,srq_s1_r1_e1_complete,idea_s1_r1_e1_timestamp,idea_i1_s1_r1_e1,idea_i2_s1_r1_e1,idea_i3_s1_r1_e1,idea_i4_s1_r1_e1,idea_i5_s1_r1_e1,idea_i6_s1_r1_e1,idea_i7_s1_r1_e1,idea_i8_s1_r1_e1,idea_i9_s1_r1_e1,idea_i10_s1_r1_e1,idea_i11_s1_r1_e1,idea_i12_s1_r1_e1,idea_i13_s1_r1_e1,idea_i14_s1_r1_e1,idea_i15_s1_r1_e1,idea_i16_s1_r1_e1,idea_i17_s1_r1_e1,idea_i18_s1_r1_e1,idea_i19_s1_r1_e1,idea_i20_s1_r1_e1,idea_i21_s1_r1_e1,idea_i22_s1_r1_e1,idea_i23_s1_r1_e1,idea_i24_s1_r1_e1,idea_i25_s1_r1_e1,idea_i26_s1_r1_e1,idea_i27_s1_r1_e1,idea_i28_s1_r1_e1,idea_i29_s1_r1_e1,idea_i30_s1_r1_e1,idea_i31_s1_r1_e1,idea_s1_r1_e1_complete,ius_s1_r1_e1_timestamp,ius_i1_s1_r1_e1,ius_i2_s1_r1_e1,ius_i3_s1_r1_e1,ius_i4_s1_r1_e1,ius_i5_s1_r1_e1,ius_i6_s1_r1_e1,ius_i7_s1_r1_e1,ius_i8_s1_r1_e1,ius_i9_s1_r1_e1,ius_i10_s1_r1_e1,ius_i11_s1_r1_e1,ius_i12_s1_r1_e1,ius_s1_r1_e1_complete,erq_s1_r1_e1_timestamp,erq_i1_s1_r1_e1,erq_i2_s1_r1_e1,erq_i3_s1_r1_e1,erq_i4_s1_r1_e1,erq_i5_s1_r1_e1,erq_i6_s1_r1_e1,erq_i7_s1_r1_e1,erq_i8_s1_r1_e1,erq_i9_s1_r1_e1,erq_i10_s1_r1_e1,erq_s1_r1_e1_complete,sias6sps6_s1_r1_e1_timestamp,sias6_i1_s1_r1_e1,sias6_i2_s1_r1_e1,sias6_i3_s1_r1_e1,sias6_i4_s1_r1_e1,sias6_i5_s1_r1_e1,sias6_i6_s1_r1_e1,sps6_i1_s1_r1_e1,sps6_i2_s1_r1_e1,sps6_i3_s1_r1_e1,sps6_i4_s1_r1_e1,sps6_i5_s1_r1_e1,sps6_i6_s1_r1_e1,sias6sps6_s1_r1_e1_complete,hsps_s1_r1_e1_timestamp,hsps_i1_s1_r1_e1,hsps_i2_s1_r1_e1,hsps_i3_s1_r1_e1,hsps_i4_s1_r1_e1,hsps_i5_s1_r1_e1,hsps_i6_s1_r1_e1,hsps_i7_s1_r1_e1,hsps_i8_s1_r1_e1,hsps_i9_s1_r1_e1,hsps_i10_s1_r1_e1,hsps_i11_s1_r1_e1,hsps_i12_s1_r1_e1,hsps_i13_s1_r1_e1,hsps_i14_s1_r1_e1,hsps_i15_s1_r1_e1,hsps_i16_s1_r1_e1,hsps_i17_s1_r1_e1,hsps_i18_s1_r1_e1,hsps_i19_s1_r1_e1,hsps_i20_s1_r1_e1,hsps_i21_s1_r1_e1,hsps_i22_s1_r1_e1,hsps_i23_s1_r1_e1,hsps_i24_s1_r1_e1,hsps_i25_s1_r1_e1,hsps_i26_s1_r1_e1,hsps_i27_s1_r1_e1,hsps_s1_r1_e1_complete,psqi_s1_r1_e1_timestamp,psqi_i1_s1_r1_e1,psqi_i2_s1_r1_e1,psqi_i3_s1_r1_e1,psqi_i4_s1_r1_e1,psqi_i5_sub1_s1_r1_e1,psqi_i5_sub2_s1_r1_e1,psqi_i5_sub3_s1_r1_e1,psqi_i5_sub4_s1_r1_e1,psqi_i5_sub5_s1_r1_e1,psqi_i5_sub6_s1_r1_e1,psqi_i5_sub7_s1_r1_e1,psqi_i5_sub8_s1_r1_e1,psqi_i5_sub9_s1_r1_e1,psqi_i5_sub10_s1_r1_e1,psqi_i5_other_s1_r1_e1,psqi_i6_s1_r1_e1,psqi_i7_s1_r1_e1,psqi_i8_s1_r1_e1,psqi_i9_s1_r1_e1,psqi_i10_sub1_s1_r1_e1,psqi_i10_sub2_s1_r1_e1,psqi_i10_sub3_s1_r1_e1,psqi_i10_sub4_s1_r1_e1,psqi_i10_sub5_s1_r1_e1,psqi_i10_sub6_s1_r1_e1,psqi_i10_other_s1_r1_e1,psqi_s1_r1_e1_complete,bfne_s1_r1_e1_timestamp,bfne_i1_s1_r1_e1,bfne_i2_s1_r1_e1,bfne_i3_s1_r1_e1,bfne_i4_s1_r1_e1,bfne_i5_s1_r1_e1,bfne_i6_s1_r1_e1,bfne_i7_s1_r1_e1,bfne_i8_s1_r1_e1,bfne_i9_s1_r1_e1,bfne_i10_s1_r1_e1,bfne_i11_s1_r1_e1,bfne_i12_s1_r1_e1,bfne_s1_r1_e1_complete,phq8_s1_r1_e1_timestamp,phq8_i1_s1_r1_e1,phq8_i2_s1_r1_e1,phq8_i3_s1_r1_e1,phq8_i4_s1_r1_e1,phq8_i5_s1_r1_e1,phq8_i6_s1_r1_e1,phq8_i7_s1_r1_e1,phq8_i8_s1_r1_e1,phq8_s1_r1_e1_complete,initstatea_s1_r1_e1_timestamp,initstatea_sleep_s1_r1_e1,initstatea_caff_s1_r1_e1,initstatea_sick_s1_r1_e1,initstatea_hungry_s1_r1_e1,initstatea_tired_s1_r1_e1,initstatea_s1_r1_e1_complete,sssqpre_s1_r1_e1_timestamp,sssqpre_i1_s1_r1_e1,sssqpre_i2_s1_r1_e1,sssqpre_i3_s1_r1_e1,sssqpre_i4_s1_r1_e1,sssqpre_i5_s1_r1_e1,sssqpre_i6_s1_r1_e1,sssqpre_i7_s1_r1_e1,sssqpre_i8_s1_r1_e1,sssqpre_i9_s1_r1_e1,sssqpre_i10_s1_r1_e1,sssqpre_i11_s1_r1_e1,sssqpre_i12_s1_r1_e1,sssqpre_i13_s1_r1_e1,sssqpre_i14_s1_r1_e1,sssqpre_i15_s1_r1_e1,sssqpre_i16_s1_r1_e1,sssqpre_i17_s1_r1_e1,sssqpre_i18_s1_r1_e1,sssqpre_i19_s1_r1_e1,sssqpre_i20_s1_r1_e1,sssqpre_i21_s1_r1_e1,sssqpre_i22_s1_r1_e1,sssqpre_i23_s1_r1_e1,sssqpre_i24_s1_r1_e1,sssqpre_s1_r1_e1_complete,ft_flanker_o_s1_r1_e1_timestamp,reminder_flanker,a_flanker,ft_flanker_o_s1_r1_e1_complete,ft_dccs_o_s1_r1_e1_timestamp,reminder_dccs,a_dccs,ft_dccs_o_s1_r1_e1_complete,ft_nback_o_s1_r1_e1_timestamp,reminder_nback,a_nback,ft_nback_o_s1_r1_e1_complete,posttaska_s1_r1_e1_timestamp,posttaska_i1_s1_r1_e1,posttaska_i2_s1_r1_e1,posttaska_i3_s1_r1_e1,posttaska_i4_s1_r1_e1,posttaska_i5_s1_r1_e1,posttaska_i6_s1_r1_e1,posttaska_i7_s1_r1_e1,posttaska_i8_s1_r1_e1,posttaska_i9_s1_r1_e1,posttaska_i10_s1_r1_e1,posttaska_s1_r1_e1_complete,sssqpost_s1_r1_e1_timestamp,sssqpost_i1_s1_r1_e1,sssqpost_i2_s1_r1_e1,sssqpost_i3_s1_r1_e1,sssqpost_i4_s1_r1_e1,sssqpost_i5_s1_r1_e1,sssqpost_i6_s1_r1_e1,sssqpost_i7_s1_r1_e1,sssqpost_i8_s1_r1_e1,sssqpost_i9_s1_r1_e1,sssqpost_i10_s1_r1_e1,sssqpost_i11_s1_r1_e1,sssqpost_i12_s1_r1_e1,sssqpost_i13_s1_r1_e1,sssqpost_i14_s1_r1_e1,sssqpost_i15_s1_r1_e1,sssqpost_i16_s1_r1_e1,sssqpost_i17_s1_r1_e1,sssqpost_i18_s1_r1_e1,sssqpost_i19_s1_r1_e1,sssqpost_i20_s1_r1_e1,sssqpost_i21_s1_r1_e1,sssqpost_i22_s1_r1_e1,sssqpost_i23_s1_r1_e1,sssqpost_i24_s1_r1_e1,sssqpost_s1_r1_e1_complete,pttfq_s1_r1_e1_timestamp,pttfq_i1_s1_r1_e1,pttfq_i2_s1_r1_e1,pttfq_i3_s1_r1_e1,pttfq_i4_s1_r1_e1,pttfq_i5_s1_r1_e1,pttfq_i6_s1_r1_e1,pttfq_i7_s1_r1_e1,pttfq_i8_s1_r1_e1,pttfq_i9_s1_r1_e1,pttfq_i10_s1_r1_e1,pttfq_i11_s1_r1_e1,pttfq_i12_s1_r1_e1,pttfq_s1_r1_e1_complete,completion_of_1a_timestamp,completion_of_1a_complete,decision_about_part_1b_timestamp,part_1b_read,b_confirm,decision_about_part_1b_complete,scheduling_calendly_1b_timestamp,calendly_yes,b_date,scheduling_calendly_1b_complete,consent_1b_timestamp,consent_yn_1b,consent_1b_complete,initstatea_s1_r2_e1_timestamp,initstatea_sleep_s1_r2_e1,initstatea_caff_s1_r2_e1,initstatea_sick_s1_r2_e1,initstatea_hungry_s1_r2_e1,initstatea_tired_s1_r2_e1,initstatea_s1_r2_e1_complete,sssqpre_s1_r2_e1_timestamp,sssqpre_i1_s1_r2_e1,sssqpre_i2_s1_r2_e1,sssqpre_i3_s1_r2_e1,sssqpre_i4_s1_r2_e1,sssqpre_i5_s1_r2_e1,sssqpre_i6_s1_r2_e1,sssqpre_i7_s1_r2_e1,sssqpre_i8_s1_r2_e1,sssqpre_i9_s1_r2_e1,sssqpre_i10_s1_r2_e1,sssqpre_i11_s1_r2_e1,sssqpre_i12_s1_r2_e1,sssqpre_i13_s1_r2_e1,sssqpre_i14_s1_r2_e1,sssqpre_i15_s1_r2_e1,sssqpre_i16_s1_r2_e1,sssqpre_i17_s1_r2_e1,sssqpre_i18_s1_r2_e1,sssqpre_i19_s1_r2_e1,sssqpre_i20_s1_r2_e1,sssqpre_i21_s1_r2_e1,sssqpre_i22_s1_r2_e1,sssqpre_i23_s1_r2_e1,sssqpre_i24_s1_r2_e1,sssqpre_s1_r2_e1_complete,ft_readaloud_o_s1_r2_e1_timestamp,reading_aloud1_understand,reading_aloud1_done,ft_readaloud_o_s1_r2_e1_complete,ft_flanker_o_s1_r2_e1_timestamp,flanker1_understand,flanker1_done,ft_flanker_o_s1_r2_e1_complete,ft_dccs_o_s1_r2_e1_timestamp,dccs1_understand,dccs1_done,ft_dccs_o_s1_r2_e1_complete,ft_nback_o_s1_r2_e1_timestamp,nback1_understand,nback1_done,ft_nback_o_s1_r2_e1_complete,posttaska_s1_r2_e1_timestamp,posttaska_i1_s1_r2_e1,posttaska_i2_s1_r2_e1,posttaska_i3_s1_r2_e1,posttaska_i4_s1_r2_e1,posttaska_i5_s1_r2_e1,posttaska_i6_s1_r2_e1,posttaska_i7_s1_r2_e1,posttaska_i8_s1_r2_e1,posttaska_i9_s1_r2_e1,posttaska_i10_s1_r2_e1,posttaska_s1_r2_e1_complete,sssqpost_s1_r2_e1_timestamp,sssqpost_i1_s1_r2_e1,sssqpost_i2_s1_r2_e1,sssqpost_i3_s1_r2_e1,sssqpost_i4_s1_r2_e1,sssqpost_i5_s1_r2_e1,sssqpost_i6_s1_r2_e1,sssqpost_i7_s1_r2_e1,sssqpost_i8_s1_r2_e1,sssqpost_i9_s1_r2_e1,sssqpost_i10_s1_r2_e1,sssqpost_i11_s1_r2_e1,sssqpost_i12_s1_r2_e1,sssqpost_i13_s1_r2_e1,sssqpost_i14_s1_r2_e1,sssqpost_i15_s1_r2_e1,sssqpost_i16_s1_r2_e1,sssqpost_i17_s1_r2_e1,sssqpost_i18_s1_r2_e1,sssqpost_i19_s1_r2_e1,sssqpost_i20_s1_r2_e1,sssqpost_i21_s1_r2_e1,sssqpost_i22_s1_r2_e1,sssqpost_i23_s1_r2_e1,sssqpost_i24_s1_r2_e1,sssqpost_s1_r2_e1_complete,pttfq_s1_r2_e1_timestamp,pttfq_i1_s1_r2_e1,pttfq_i2_s1_r2_e1,pttfq_i3_s1_r2_e1,pttfq_i4_s1_r2_e1,pttfq_i5_s1_r2_e1,pttfq_i6_s1_r2_e1,pttfq_i7_s1_r2_e1,pttfq_i8_s1_r2_e1,pttfq_i9_s1_r2_e1,pttfq_i10_s1_r2_e1,pttfq_i11_s1_r2_e1,pttfq_i12_s1_r2_e1,pttfq_s1_r2_e1_complete,ft_readaloud_o_s1_r2_e2_timestamp,reading_aloud2_understand,reading_aloud2_done,ft_readaloud_o_s1_r2_e2_complete,ft_flanker_o_s1_r2_e2_timestamp,flanker2_understand,flanker2_done,ft_flanker_o_s1_r2_e2_complete,ft_dccs_o_s1_r2_e2_timestamp,dccs2_understand,dccs2_done,ft_dccs_o_s1_r2_e2_complete,ft_nback_o_s1_r2_e2_timestamp,nback2_understand,nback2_done,ft_nback_o_s1_r2_e2_complete,posttaska_s1_r2_e2_timestamp,posttaska_i1_s1_r2_e2,posttaska_i2_s1_r2_e2,posttaska_i3_s1_r2_e2,posttaska_i4_s1_r2_e2,posttaska_i5_s1_r2_e2,posttaska_i6_s1_r2_e2,posttaska_i7_s1_r2_e2,posttaska_i8_s1_r2_e2,posttaska_i9_s1_r2_e2,posttaska_i10_s1_r2_e2,posttaska_s1_r2_e2_complete,sssqpost_s1_r2_e2_timestamp,sssqpost_i1_s1_r2_e2,sssqpost_i2_s1_r2_e2,sssqpost_i3_s1_r2_e2,sssqpost_i4_s1_r2_e2,sssqpost_i5_s1_r2_e2,sssqpost_i6_s1_r2_e2,sssqpost_i7_s1_r2_e2,sssqpost_i8_s1_r2_e2,sssqpost_i9_s1_r2_e2,sssqpost_i10_s1_r2_e2,sssqpost_i11_s1_r2_e2,sssqpost_i12_s1_r2_e2,sssqpost_i13_s1_r2_e2,sssqpost_i14_s1_r2_e2,sssqpost_i15_s1_r2_e2,sssqpost_i16_s1_r2_e2,sssqpost_i17_s1_r2_e2,sssqpost_i18_s1_r2_e2,sssqpost_i19_s1_r2_e2,sssqpost_i20_s1_r2_e2,sssqpost_i21_s1_r2_e2,sssqpost_i22_s1_r2_e2,sssqpost_i23_s1_r2_e2,sssqpost_i24_s1_r2_e2,sssqpost_s1_r2_e2_complete,pttfq_s1_r2_e2_timestamp,pttfq_i1_s1_r2_e2,pttfq_i2_s1_r2_e2,pttfq_i3_s1_r2_e2,pttfq_i4_s1_r2_e2,pttfq_i5_s1_r2_e2,pttfq_i6_s1_r2_e2,pttfq_i7_s1_r2_e2,pttfq_i8_s1_r2_e2,pttfq_i9_s1_r2_e2,pttfq_i10_s1_r2_e2,pttfq_i11_s1_r2_e2,pttfq_i12_s1_r2_e2,pttfq_s1_r2_e2_complete,initstatea_odd_s1_r2_e1_timestamp,initstatea_sleep_odd_s1_r2_e1,initstatea_caff_odd_s1_r2_e1,initstatea_sick_odd_s1_r2_e1,initstatea_hungry_odd_s1_r2_e1,initstatea_tired_odd_s1_r2_e1,initstatea_odd_s1_r2_e1_complete,sssqpre_odd_s1_r2_e1_timestamp,sssqpre_i1_odd_s1_r2_e1,sssqpre_i2_odd_s1_r2_e1,sssqpre_i3_odd_s1_r2_e1,sssqpre_i4_odd_s1_r2_e1,sssqpre_i5_odd_s1_r2_e1,sssqpre_i6_odd_s1_r2_e1,sssqpre_i7_odd_s1_r2_e1,sssqpre_i8_odd_s1_r2_e1,sssqpre_i9_odd_s1_r2_e1,sssqpre_i10_odd_s1_r2_e1,sssqpre_i11_odd_s1_r2_e1,sssqpre_i12_odd_s1_r2_e1,sssqpre_i13_odd_s1_r2_e1,sssqpre_i14_odd_s1_r2_e1,sssqpre_i15_odd_s1_r2_e1,sssqpre_i16_odd_s1_r2_e1,sssqpre_i17_odd_s1_r2_e1,sssqpre_i18_odd_s1_r2_e1,sssqpre_i19_odd_s1_r2_e1,sssqpre_i20_odd_s1_r2_e1,sssqpre_i21_odd_s1_r2_e1,sssqpre_i22_odd_s1_r2_e1,sssqpre_i23_odd_s1_r2_e1,sssqpre_i24_odd_s1_r2_e1,sssqpre_odd_s1_r2_e1_complete,ft_flanker_o_odd_s1_r2_e1_timestamp,flanker1_understand_odd,flanker1_done_odd,ft_flanker_o_odd_s1_r2_e1_complete,ft_dccs_o_odd_s1_r2_e1_timestamp,dccs1_understand_odd,dccs1_done_odd,ft_dccs_o_odd_s1_r2_e1_complete,ft_nback_o_odd_s1_r2_e1_timestamp,nback1_understand_odd,nback1_done_odd,ft_nback_o_odd_s1_r2_e1_complete,ft_readaloud_o_odd_s1_r2_e1_timestamp,reading_aloud1_understand_odd,reading_aloud1_done_odd,ft_readaloud_o_odd_s1_r2_e1_complete,posttaska_odd_s1_r2_e1_timestamp,posttaska_i1_odd_s1_r2_e1,posttaska_i2_odd_s1_r2_e1,posttaska_i3_odd_s1_r2_e1,posttaska_i4_odd_s1_r2_e1,posttaska_i5_odd_s1_r2_e1,posttaska_i6_odd_s1_r2_e1,posttaska_i7_odd_s1_r2_e1,posttaska_i8_odd_s1_r2_e1,posttaska_i9_odd_s1_r2_e1,posttaska_i10_odd_s1_r2_e1,posttaska_odd_s1_r2_e1_complete,sssqpost_odd_s1_r2_e1_timestamp,sssqpost_i1_odd_s1_r2_e1,sssqpost_i2_odd_s1_r2_e1,sssqpost_i3_odd_s1_r2_e1,sssqpost_i4_odd_s1_r2_e1,sssqpost_i5_odd_s1_r2_e1,sssqpost_i6_odd_s1_r2_e1,sssqpost_i7_odd_s1_r2_e1,sssqpost_i8_odd_s1_r2_e1,sssqpost_i9_odd_s1_r2_e1,sssqpost_i10_odd_s1_r2_e1,sssqpost_i11_odd_s1_r2_e1,sssqpost_i12_odd_s1_r2_e1,sssqpost_i13_odd_s1_r2_e1,sssqpost_i14_odd_s1_r2_e1,sssqpost_i15_odd_s1_r2_e1,sssqpost_i16_odd_s1_r2_e1,sssqpost_i17_odd_s1_r2_e1,sssqpost_i18_odd_s1_r2_e1,sssqpost_i19_odd_s1_r2_e1,sssqpost_i20_odd_s1_r2_e1,sssqpost_i21_odd_s1_r2_e1,sssqpost_i22_odd_s1_r2_e1,sssqpost_i23_odd_s1_r2_e1,sssqpost_i24_odd_s1_r2_e1,sssqpost_odd_s1_r2_e1_complete,pttfq_odd_s1_r2_e1_timestamp,pttfq_i1_odd_s1_r2_e1,pttfq_i2_odd_s1_r2_e1,pttfq_i3_odd_s1_r2_e1,pttfq_i4_odd_s1_r2_e1,pttfq_i5_odd_s1_r2_e1,pttfq_i6_odd_s1_r2_e1,pttfq_i7_odd_s1_r2_e1,pttfq_i8_odd_s1_r2_e1,pttfq_i9_odd_s1_r2_e1,pttfq_i10_odd_s1_r2_e1,pttfq_i11_odd_s1_r2_e1,pttfq_i12_odd_s1_r2_e1,pttfq_odd_s1_r2_e1_complete,ft_flanker_o_odd_s1_r2_e2_timestamp,flanker2_understand_odd,flanker2_done_odd,ft_flanker_o_odd_s1_r2_e2_complete,ft_dccs_o_odd_s1_r2_e2_timestamp,dccs2_understand_odd,dccs2_done_odd,ft_dccs_o_odd_s1_r2_e2_complete,ft_nback_o_odd_s1_r2_e2_timestamp,nback2_understand_984fcb,nback2_done_b7a12a,ft_nback_o_odd_s1_r2_e2_complete,ft_readaloud_o_odd_s1_r2_e2_timestamp,reading_aloud2_understand_odd,reading_aloud2_done_odd,ft_readaloud_o_odd_s1_r2_e2_complete,posttaska_odd_s1_r2_e2_timestamp,posttaska_i1_odd_s1_r2_e2,posttaska_i2_odd_s1_r2_e2,posttaska_i3_odd_s1_r2_e2,posttaska_i4_odd_s1_r2_e2,posttaska_i5_odd_s1_r2_e2,posttaska_i6_odd_s1_r2_e2,posttaska_i7_odd_s1_r2_e2,posttaska_i8_odd_s1_r2_e2,posttaska_i9_odd_s1_r2_e2,posttaska_i10_odd_s1_r2_e2,posttaska_odd_s1_r2_e2_complete,sssqpost_odd_s1_r2_e2_timestamp,sssqpost_i1_odd_s1_r2_e2,sssqpost_i2_odd_s1_r2_e2,sssqpost_i3_odd_s1_r2_e2,sssqpost_i4_odd_s1_r2_e2,sssqpost_i5_odd_s1_r2_e2,sssqpost_i6_odd_s1_r2_e2,sssqpost_i7_odd_s1_r2_e2,sssqpost_i8_odd_s1_r2_e2,sssqpost_i9_odd_s1_r2_e2,sssqpost_i10_odd_s1_r2_e2,sssqpost_i11_odd_s1_r2_e2,sssqpost_i12_odd_s1_r2_e2,sssqpost_i13_odd_s1_r2_e2,sssqpost_i14_odd_s1_r2_e2,sssqpost_i15_odd_s1_r2_e2,sssqpost_i16_odd_s1_r2_e2,sssqpost_i17_odd_s1_r2_e2,sssqpost_i18_odd_s1_r2_e2,sssqpost_i19_odd_s1_r2_e2,sssqpost_i20_odd_s1_r2_e2,sssqpost_i21_odd_s1_r2_e2,sssqpost_i22_odd_s1_r2_e2,sssqpost_i23_odd_s1_r2_e2,sssqpost_i24_odd_s1_r2_e2,sssqpost_odd_s1_r2_e2_complete,pttfq_odd_s1_r2_e2_timestamp,pttfq_i1_odd_s1_r2_e2,pttfq_i2_odd_s1_r2_e2,pttfq_i3_odd_s1_r2_e2,pttfq_i4_odd_s1_r2_e2,pttfq_i5_odd_s1_r2_e2,pttfq_i6_odd_s1_r2_e2,pttfq_i7_odd_s1_r2_e2,pttfq_i8_odd_s1_r2_e2,pttfq_i9_odd_s1_r2_e2,pttfq_i10_odd_s1_r2_e2,pttfq_i11_odd_s1_r2_e2,pttfq_i12_odd_s1_r2_e2,pttfq_odd_s1_r2_e2_complete
130000,,1,,22,1,0,0,1,1,1,1,1,0,1,1,2,,,0,,,,,,,,0,0,0,0,0,0,0,0,0,,,,0,0,0,0,0,0,0,0,0,0,0,0,,,,,,,,,,,,,,,,,,,,0,,,,,,,,,,,,,,,,0,0,0,0,,0,0,0,0,0,0,0,0,0,0,0,0,0,0,,,,,,,,,,,,,,,,,,,,,,,,,,,,,,0,,,,,,,0,0,0,0,0,0,0,0,0,0,0,0,0,,,,,,,,0,,,,,,,,,,,,,,,,,,,,,,,,,,,,,,,,,,,,0,,,,,,,,,,,,,,,,0,,,,,,,,,,,,,,,,,,,,,,,,,,,,,,,,,,,,,,,,,,,,,,0,,,,,,,,,,,,0,,,,,,,,,0,,,,,,,,,,,,,,,,,,,,,,0,,,,,,,,,,,,,,,,,,,,,,,,,,,,,0,,,,,,,,,,,,,,,,,,,,,,,,,,,,,,,,,,,,,,,,,,,,0,,,,,,,,,,,,,,,,,,,,,,0,,,,,,,,,,,,,,,,,,,,,,,,,,,,,,,,,,,,,,,,,,,,,,,,,,,,0,,,,,,,,,,,,,,,,,,,,,,,,,0,,,,,,,,,,,,,,,,,,,,,,,,,,,,,,,,,0,,,,,,,,,,,,,,0,,,,,,,,,,,,0,,,,,,,,,,,,,,0,,,,,,,,,,,,,,,,,,,,,,,,,,,,,0,,,,,,,,,,,,,,,,,,,,,,,,,,,,0,,,,,,,,,,,,,,0,,,,,,,,,,0,,,,,,,0,,,,,,,,,,,,,,,,,,,,,,,,,,0,,,,0,,,,0,,,,0,,,,,,,,,,,,0,,,,,,,,,,,,,,,,,,,,,,,,,,0,,,,,,,,,,,,,,0,,0,,,,0,,,,0,9/23/21 19:52,1,2,9/23/21 19:52,7,6,2,2,6,2,9/23/21 19:54,1,3,1,1,3,2,1,1,1,1,5,5,5,4,3,3,5,2,2,3,5,4,3,5,2,9/23/21 20:10,1,1,2,9/23/21 20:13,1,1,2,9/23/21 20:17,1,1,2,9/23/21 20:23,1,1,2,9/23/21 20:24,4,3,5,9,9,10,5,10,10,9,2,9/23/21 20:25,2,1,1,3,2,4,2,1,2,1,5,5,5,5,4,4,4,4,2,3,3,2,3,5,2,9/23/21 20:26,4,4,2,4,5,3,1,2,1,1,3,1,2,9/23/21 20:45,1,1,2,9/23/21 20:48,1,1,2,9/23/21 20:53,1,1,2,9/23/21 20:58,1,1,2,9/23/21 20:59,4,2,7,10,10,8,9,10,10,10,2,9/23/21 21:00,3,2,1,1,1,4,3,1,1,1,5,5,5,5,5,5,3,4,4,4,3,2,5,5,2,9/23/21 21:01,4,4,2,3,4,4,2,3,1,1,3,1,2,,,,,,,0,,,,,,,,,,,,,,,,,,,,,,,,,,0,,,,0,,,,0,,,,0,,,,0,,,,,,,,,,,,0,,,,,,,,,,,,,,,,,,,,,,,,,,0,,,,,,,,,,,,,,0,,,,0,,,,0,,,,0,,,,0,,,,,,,,,,,,0,,,,,,,,,,,,,,,,,,,,,,,,,,0,,,,,,,,,,,,,,0
130029,8/31/21 15:56,1,,21,2,0,0,1,1,1,1,1,0,1,1,2,8/31/21 15:59,1,2,8/31/21 16:00,1,1,,2,female,straight,0,0,0,1,0,0,0,0,0,,3,,0,0,0,0,1,0,0,0,0,0,0,0,,1,Psychology ,2,1,,N/A,3,8,8,3,3,1,2,,2,,2,,2,8/31/21 16:03,10,10,10,3,7,7,7,10,0,0,2,7,2,2,1,0,0,0,4,1,0,0,0,0,0,1,1,1,0,0,0,0,0,10,0,0,5,10,10,10,10,10,10,10,10,5,5,5,5,5,5,5,5,5,7,7,7,7,3,5,9,7,2,9/1/21 10:32,1,1,1,1,1,0,1,0,0,0,0,0,0,0,0,0,0,0,,3,3,3,3,3,3,2,9/1/21 10:33,2,2,2,2,2,2,2,2,2,2,2,2,2,2,2,2,2,2,2,2,2,2,2,2,2,2,2,2,2,2,2,2,2,2,2,9/1/21 10:35,3,3,3,3,3,3,3,3,3,3,3,3,3,3,2,9/1/21 10:36,1,1,1,1,1,1,1,1,1,1,1,1,1,1,1,1,1,1,1,1,1,1,1,1,1,1,1,1,1,1,1,1,1,1,1,1,1,1,1,1,1,1,1,1,2,9/1/21 10:36,2,2,2,2,2,3,2,2,2,3,2,9/1/21 10:37,1,1,1,1,1,1,1,2,9/1/21 10:37,3,2,3,2,2,3,3,3,2,2,3,3,3,3,2,4,4,3,2,2,2,9/1/21 10:38,2,2,3,2,3,3,2,2,4,3,3,2,2,3,3,2,2,2,2,3,3,3,4,3,2,4,3,2,9/1/21 10:41,Dog woke me up from my sleep was very mad but let it go and went to sleep its not there fault just scared of the rain,4,3,4,4,1,4,3,4,4,3,3,3,5,5,3,3,5,3,3,3,3,3,3,3,3,3,5,1,1,3,3,1,1,1,1,1,1,1,1,1,1,2,9/1/21 10:41,5,5,5,5,5,5,5,5,5,5,5,5,5,5,5,5,5,5,5,5,2,9/1/21 10:42,1,1,1,1,1,1,1,1,1,1,1,1,1,1,1,1,1,1,1,1,1,1,1,1,1,1,1,1,1,1,1,1,1,1,1,1,1,1,1,1,1,1,1,1,1,1,1,1,1,1,2,9/1/21 10:43,5,5,4,5,5,5,5,4,5,5,5,4,5,4,5,5,4,5,5,5,4,5,4,2,9/1/21 10:45,3,3,3,3,3,1,3,2,1,3,2,3,2,2,3,3,3,2,3,3,3,3,2,3,3,3,3,3,3,3,3,2,9/1/21 10:46,4,4,3,4,3,3,3,4,3,3,4,3,2,9/1/21 10:46,5,5,5,4,4,5,4,4,4,4,2,9/1/21 10:47,3,3,2,2,2,2,2,2,3,3,3,2,2,9/1/21 10:47,5,4,4,5,4,4,4,5,5,5,5,4,4,4,5,5,5,4,4,4,4,4,4,5,5,5,5,2,9/1/21 10:49,12:00 AM,60,9:00 AM,8,2,2,0,0,0,0,0,1,0,0,,1,0,0,0,0,,,,,,,2,9/1/21 10:49,4,4,4,4,3,4,3,3,3,3,4,4,2,9/1/21 10:49,1,1,2,1,1,1,2,1,2,9/1/21 10:50,7,2,1,1,3,2,9/1/21 10:50,2,2,2,2,2,2,2,2,2,2,5,5,5,5,5,5,5,5,5,5,5,5,5,5,2,9/4/21 14:25,1,1,2,9/4/21 14:22,1,1,2,9/4/21 14:30,1,1,2,9/1/21 12:59,5,5,5,5,5,5,5,5,5,5,2,9/1/21 13:00,3,3,3,3,3,5,5,4,4,3,4,4,4,4,4,4,4,4,4,4,4,4,4,4,2,9/1/21 13:00,4,4,4,4,4,4,4,4,4,4,4,4,2,9/1/21 13:00,2,9/2/21 10:43,0,1,2,,,,0,,,0,,,,,,,0,,,,,,,,,,,,,,,,,,,,,,,,,,0,,,,0,,,,0,,,,0,,,,0,,,,,,,,,,,,0,,,,,,,,,,,,,,,,,,,,,,,,,,0,,,,,,,,,,,,,,0,,,,0,,,,0,,,,0,,,,0,,,,,,,,,,,,0,,,,,,,,,,,,,,,,,,,,,,,,,,0,,,,,,,,,,,,,,0,,,,,,,0,,,,,,,,,,,,,,,,,,,,,,,,,,0,,,,0,,,,0,,,,0,,,,0,,,,,,,,,,,,0,,,,,,,,,,,,,,,,,,,,,,,,,,0,,,,,,,,,,,,,,0,,,,0,,,,0,,,,0,,,,0,,,,,,,,,,,,0,,,,,,,,,,,,,,,,,,,,,,,,,,0,,,,,,,,,,,,,,0
130030,9/1/21 12:58,1,,21,2,1,1,1,1,1,1,1,0,1,1,2,,,0,,,,,,,,0,0,0,0,0,0,0,0,0,,,,0,0,0,0,0,0,0,0,0,0,0,0,,,,,,,,,,,,,,,,,,,,0,,,,,,,,,,,,,,,,0,0,0,0,,0,0,0,0,0,0,0,0,0,0,0,0,0,0,,,,,,,,,,,,,,,,,,,,,,,,,,,,,,0,,,,,,,0,0,0,0,0,0,0,0,0,0,0,0,0,,,,,,,,0,,,,,,,,,,,,,,,,,,,,,,,,,,,,,,,,,,,,0,,,,,,,,,,,,,,,,0,,,,,,,,,,,,,,,,,,,,,,,,,,,,,,,,,,,,,,,,,,,,,,0,,,,,,,,,,,,0,,,,,,,,,0,,,,,,,,,,,,,,,,,,,,,,0,,,,,,,,,,,,,,,,,,,,,,,,,,,,,0,,,,,,,,,,,,,,,,,,,,,,,,,,,,,,,,,,,,,,,,,,,,0,,,,,,,,,,,,,,,,,,,,,,0,,,,,,,,,,,,,,,,,,,,,,,,,,,,,,,,,,,,,,,,,,,,,,,,,,,,0,,,,,,,,,,,,,,,,,,,,,,,,,0,,,,,,,,,,,,,,,,,,,,,,,,,,,,,,,,,0,,,,,,,,,,,,,,0,,,,,,,,,,,,0,,,,,,,,,,,,,,0,,,,,,,,,,,,,,,,,,,,,,,,,,,,,0,,,,,,,,,,,,,,,,,,,,,,,,,,,,0,,,,,,,,,,,,,,0,,,,,,,,,,0,,,,,,,0,,,,,,,,,,,,,,,,,,,,,,,,,,0,,,,0,,,,0,,,,0,,,,,,,,,,,,0,,,,,,,,,,,,,,,,,,,,,,,,,,0,,,,,,,,,,,,,,0,,0,,,,0,,,,0,,,0,,,,,,,0,,,,,,,,,,,,,,,,,,,,,,,,,,0,,,,0,,,,0,,,,0,,,,0,,,,,,,,,,,,0,,,,,,,,,,,,,,,,,,,,,,,,,,0,,,,,,,,,,,,,,0,,,,0,,,,0,,,,0,,,,0,,,,,,,,,,,,0,,,,,,,,,,,,,,,,,,,,,,,,,,0,,,,,,,,,,,,,,0,,,,,,,0,,,,,,,,,,,,,,,,,,,,,,,,,,0,,,,0,,,,0,,,,0,,,,0,,,,,,,,,,,,0,,,,,,,,,,,,,,,,,,,,,,,,,,0,,,,,,,,,,,,,,0,,,,0,,,,0,,,,0,,,,0,,,,,,,,,,,,0,,,,,,,,,,,,,,,,,,,,,,,,,,0,,,,,,,,,,,,,,0
130031,9/2/21 23:43,1,,24,2,0,0,1,1,1,1,1,0,1,1,2,,,0,,,,,,,,0,0,0,0,0,0,0,0,0,,,,0,0,0,0,0,0,0,0,0,0,0,0,,,,,,,,,,,,,,,,,,,,0,,,,,,,,,,,,,,,,0,0,0,0,,0,0,0,0,0,0,0,0,0,0,0,0,0,0,,,,,,,,,,,,,,,,,,,,,,,,,,,,,,0,,,,,,,0,0,0,0,0,0,0,0,0,0,0,0,0,,,,,,,,0,,,,,,,,,,,,,,,,,,,,,,,,,,,,,,,,,,,,0,,,,,,,,,,,,,,,,0,,,,,,,,,,,,,,,,,,,,,,,,,,,,,,,,,,,,,,,,,,,,,,0,,,,,,,,,,,,0,,,,,,,,,0,,,,,,,,,,,,,,,,,,,,,,0,,,,,,,,,,,,,,,,,,,,,,,,,,,,,0,,,,,,,,,,,,,,,,,,,,,,,,,,,,,,,,,,,,,,,,,,,,0,,,,,,,,,,,,,,,,,,,,,,0,,,,,,,,,,,,,,,,,,,,,,,,,,,,,,,,,,,,,,,,,,,,,,,,,,,,0,,,,,,,,,,,,,,,,,,,,,,,,,0,,,,,,,,,,,,,,,,,,,,,,,,,,,,,,,,,0,,,,,,,,,,,,,,0,,,,,,,,,,,,0,,,,,,,,,,,,,,0,,,,,,,,,,,,,,,,,,,,,,,,,,,,,0,,,,,,,,,,,,,,,,,,,,,,,,,,,,0,,,,,,,,,,,,,,0,,,,,,,,,,0,,,,,,,0,,,,,,,,,,,,,,,,,,,,,,,,,,0,,,,0,,,,0,,,,0,,,,,,,,,,,,0,,,,,,,,,,,,,,,,,,,,,,,,,,0,,,,,,,,,,,,,,0,,0,,,,0,,,,0,,,0,,,,,,,0,,,,,,,,,,,,,,,,,,,,,,,,,,0,,,,0,,,,0,,,,0,,,,0,,,,,,,,,,,,0,,,,,,,,,,,,,,,,,,,,,,,,,,0,,,,,,,,,,,,,,0,,,,0,,,,0,,,,0,,,,0,,,,,,,,,,,,0,,,,,,,,,,,,,,,,,,,,,,,,,,0,,,,,,,,,,,,,,0,,,,,,,0,,,,,,,,,,,,,,,,,,,,,,,,,,0,,,,0,,,,0,,,,0,,,,0,,,,,,,,,,,,0,,,,,,,,,,,,,,,,,,,,,,,,,,0,,,,,,,,,,,,,,0,,,,0,,,,0,,,,0,,,,0,,,,,,,,,,,,0,,,,,,,,,,,,,,,,,,,,,,,,,,0,,,,,,,,,,,,,,0
130032,9/4/21 21:15,1,,18,1,0,0,1,1,1,1,1,1,1,1,2,9/4/21 21:17,1,2,9/4/21 21:22,1,1,,2,Cis Woman,"Lesbian, same-sex attraction",0,0,0,1,0,0,0,0,0,,3,,0,1,0,0,1,0,0,0,0,0,0,0,,1,Psychology,3,1,,Agnostic,2,4,7,3,2,2,2,,1,Clinical depression,2,,2,9/4/21 21:29,6,5,4,2,7,3,7,7,3,7,2,7,7,7,1,0,0,0,4,0,0,0,0,1,0,0,0,0,0,0,0,0,1,5,10,5,8,5,6,7,7,6,10,6,5,10,5,5,0,10,5,0,0,0,6,9,6,8,5,6,6,6,2,9/4/21 21:31,2,0,2,0,1,0,0,0,0,0,0,0,1,1,0,0,0,0,,0,0,0,3,4,2,2,9/4/21 21:34,2,1,1,0,0,1,2,0,0,0,1,1,0,0,0,2,2,0,0,2,2,1,0,0,0,0,2,0,2,1,2,0,0,1,2,9/4/21 21:37,4,5,2,3,2,2,1,5,1,4,2,2,1,3,2,9/4/21 21:44,0,1,1,0,2,2,0,2,0,1,0,0,0,1,0,0,0,1,0,2,1,0,1,2,0,0,0,0,0,0,2,0,0,1,0,2,1,0,1,0,1,0,1,0,2,9/4/21 21:47,1,4,1,3,1,1,4,4,1,4,2,9/4/21 21:58,0,0,0,0,0,0,0,2,9/7/21 10:44,4,1,5,1,1,5,3,5,1,1,1,1,4,1,1,2,1,5,1,1,2,9/7/21 10:46,2,2,1,1,3,4,1,3,1,2,1,1,2,1,3,2,2,1,4,3,1,2,1,3,3,1,1,2,9/7/21 10:50,My father got upset at me for not wanting to be physically affectionate.,4,4,5,1,1,2,1,3,1,1,3,1,5,1,1,5,5,5,2,5,1,4,2,2,3,1,3,1,3,2,1,2,3,5,3,1,3,3,5,4,3,2,9/7/21 10:51,5,5,5,4,5,4,5,5,5,5,3,5,2,5,5,4,2,5,5,5,2,9/7/21 11:33,,1,1,,,1,1,,,,,,,,,,,,,,1,,,1,,1,,,1,,,1,,,,,,1,,,,,,,,,,,,,2,9/7/21 11:34,5,7,1,2,1,7,5,1,7,7,4,1,5,1,5,7,1,5,7,7,1,7,4,2,9/7/21 11:38,4,4,4,4,4,3,4,3,4,4,2,4,1,3,4,4,4,3,4,3,4,4,4,4,3,3,4,4,4,4,4,2,9/7/21 11:01,3,4,1,3,1,1,2,1,1,1,3,1,2,9/7/21 11:00,5,7,3,1,7,7,5,4,6,5,2,9/7/21 11:02,4,2,1,2,0,0,0,0,0,0,0,0,2,9/7/21 11:41,5,6,4,1,4,1,3,2,1,7,5,7,1,4,5,7,6,1,7,1,3,5,4,1,2,5,1,2,9/7/21 10:55,1 to 2 a.m.,60,8 a.m.,6,3,3,0,0,0,3,2,2,0,0,,1,0,0,3,3,0,0,3,2,3,moving around the bed a lot,2,9/7/21 11:03,4,3,3,3,4,2,3,2,3,4,4,2,2,9/7/21 11:13,3,2,1,3,3,2,3,1,2,9/7/21 11:14,8,0,0,5,4,2,9/7/21 14:03,1,4,3,1,1,1,1,1,1,1,5,5,5,2,4,1,5,1,1,1,5,5,1,1,2,9/7/21 14:07,1,1,2,9/7/21 14:11,1,1,2,9/7/21 14:18,1,1,2,9/7/21 14:19,6,7,8,8,5,7,5,8,5,8,2,9/7/21 14:21,1,5,1,1,3,1,4,1,1,1,5,5,5,1,1,1,4,2,1,1,3,4,1,1,2,9/7/21 14:21,5,1,1,2,1,1,1,3,1,1,2,1,2,9/7/21 14:21,2,9/7/21 14:22,0,1,2,9/7/21 14:24,1,9/14/21 4:00,2,,,0,,,,,,,0,,,,,,,,,,,,,,,,,,,,,,,,,,0,,,,0,,,,0,,,,0,,,,0,,,,,,,,,,,,0,,,,,,,,,,,,,,,,,,,,,,,,,,0,,,,,,,,,,,,,,0,,,,0,,,,0,,,,0,,,,0,,,,,,,,,,,,0,,,,,,,,,,,,,,,,,,,,,,,,,,0,,,,,,,,,,,,,,0,,,,,,,0,,,,,,,,,,,,,,,,,,,,,,,,,,0,,,,0,,,,0,,,,0,,,,0,,,,,,,,,,,,0,,,,,,,,,,,,,,,,,,,,,,,,,,0,,,,,,,,,,,,,,0,,,,0,,,,0,,,,0,,,,0,,,,,,,,,,,,0,,,,,,,,,,,,,,,,,,,,,,,,,,0,,,,,,,,,,,,,,0
130033,9/4/21 22:01,1,,19,1,0,0,1,1,1,1,1,0,1,1,2,,,0,,,,,,,,0,0,0,0,0,0,0,0,0,,,,0,0,0,0,0,0,0,0,0,0,0,0,,,,,,,,,,,,,,,,,,,,0,,,,,,,,,,,,,,,,0,0,0,0,,0,0,0,0,0,0,0,0,0,0,0,0,0,0,,,,,,,,,,,,,,,,,,,,,,,,,,,,,,0,,,,,,,0,0,0,0,0,0,0,0,0,0,0,0,0,,,,,,,,0,,,,,,,,,,,,,,,,,,,,,,,,,,,,,,,,,,,,0,,,,,,,,,,,,,,,,0,,,,,,,,,,,,,,,,,,,,,,,,,,,,,,,,,,,,,,,,,,,,,,0,,,,,,,,,,,,0,,,,,,,,,0,,,,,,,,,,,,,,,,,,,,,,0,,,,,,,,,,,,,,,,,,,,,,,,,,,,,0,,,,,,,,,,,,,,,,,,,,,,,,,,,,,,,,,,,,,,,,,,,,0,,,,,,,,,,,,,,,,,,,,,,0,,,,,,,,,,,,,,,,,,,,,,,,,,,,,,,,,,,,,,,,,,,,,,,,,,,,0,,,,,,,,,,,,,,,,,,,,,,,,,0,,,,,,,,,,,,,,,,,,,,,,,,,,,,,,,,,0,,,,,,,,,,,,,,0,,,,,,,,,,,,0,,,,,,,,,,,,,,0,,,,,,,,,,,,,,,,,,,,,,,,,,,,,0,,,,,,,,,,,,,,,,,,,,,,,,,,,,0,,,,,,,,,,,,,,0,,,,,,,,,,0,,,,,,,0,,,,,,,,,,,,,,,,,,,,,,,,,,0,,,,0,,,,0,,,,0,,,,,,,,,,,,0,,,,,,,,,,,,,,,,,,,,,,,,,,0,,,,,,,,,,,,,,0,,0,,,,0,,,,0,,,0,,,,,,,0,,,,,,,,,,,,,,,,,,,,,,,,,,0,,,,0,,,,0,,,,0,,,,0,,,,,,,,,,,,0,,,,,,,,,,,,,,,,,,,,,,,,,,0,,,,,,,,,,,,,,0,,,,0,,,,0,,,,0,,,,0,,,,,,,,,,,,0,,,,,,,,,,,,,,,,,,,,,,,,,,0,,,,,,,,,,,,,,0,,,,,,,0,,,,,,,,,,,,,,,,,,,,,,,,,,0,,,,0,,,,0,,,,0,,,,0,,,,,,,,,,,,0,,,,,,,,,,,,,,,,,,,,,,,,,,0,,,,,,,,,,,,,,0,,,,0,,,,0,,,,0,,,,0,,,,,,,,,,,,0,,,,,,,,,,,,,,,,,,,,,,,,,,0,,,,,,,,,,,,,,0
130034,9/7/21 22:14,1,,22,2,0,0,1,1,1,1,1,0,1,1,2,,,0,,,,,,,,0,0,0,0,0,0,0,0,0,,,,0,0,0,0,0,0,0,0,0,0,0,0,,,,,,,,,,,,,,,,,,,,0,,,,,,,,,,,,,,,,0,0,0,0,,0,0,0,0,0,0,0,0,0,0,0,0,0,0,,,,,,,,,,,,,,,,,,,,,,,,,,,,,,0,,,,,,,0,0,0,0,0,0,0,0,0,0,0,0,0,,,,,,,,0,,,,,,,,,,,,,,,,,,,,,,,,,,,,,,,,,,,,0,,,,,,,,,,,,,,,,0,,,,,,,,,,,,,,,,,,,,,,,,,,,,,,,,,,,,,,,,,,,,,,0,,,,,,,,,,,,0,,,,,,,,,0,,,,,,,,,,,,,,,,,,,,,,0,,,,,,,,,,,,,,,,,,,,,,,,,,,,,0,,,,,,,,,,,,,,,,,,,,,,,,,,,,,,,,,,,,,,,,,,,,0,,,,,,,,,,,,,,,,,,,,,,0,,,,,,,,,,,,,,,,,,,,,,,,,,,,,,,,,,,,,,,,,,,,,,,,,,,,0,,,,,,,,,,,,,,,,,,,,,,,,,0,,,,,,,,,,,,,,,,,,,,,,,,,,,,,,,,,0,,,,,,,,,,,,,,0,,,,,,,,,,,,0,,,,,,,,,,,,,,0,,,,,,,,,,,,,,,,,,,,,,,,,,,,,0,,,,,,,,,,,,,,,,,,,,,,,,,,,,0,,,,,,,,,,,,,,0,,,,,,,,,,0,,,,,,,0,,,,,,,,,,,,,,,,,,,,,,,,,,0,,,,0,,,,0,,,,0,,,,,,,,,,,,0,,,,,,,,,,,,,,,,,,,,,,,,,,0,,,,,,,,,,,,,,0,,0,,,,0,,,,0,,,0,,,,,,,0,,,,,,,,,,,,,,,,,,,,,,,,,,0,,,,0,,,,0,,,,0,,,,0,,,,,,,,,,,,0,,,,,,,,,,,,,,,,,,,,,,,,,,0,,,,,,,,,,,,,,0,,,,0,,,,0,,,,0,,,,0,,,,,,,,,,,,0,,,,,,,,,,,,,,,,,,,,,,,,,,0,,,,,,,,,,,,,,0,,,,,,,0,,,,,,,,,,,,,,,,,,,,,,,,,,0,,,,0,,,,0,,,,0,,,,0,,,,,,,,,,,,0,,,,,,,,,,,,,,,,,,,,,,,,,,0,,,,,,,,,,,,,,0,,,,0,,,,0,,,,0,,,,0,,,,,,,,,,,,0,,,,,,,,,,,,,,,,,,,,,,,,,,0,,,,,,,,,,,,,,0
130035,9/9/21 15:10,1,,21,1,0,0,1,1,1,1,1,0,1,1,2,9/9/21 15:14,1,2,9/9/21 15:18,1,4,,2,Female,Male,0,0,0,1,0,0,0,0,0,,3,,0,1,0,0,1,0,0,0,0,0,0,0,,2,Psychology,2,1,,Christian,2,7,7,3,3,5,2,,2,,2,,2,9/9/21 15:25,8,5,6,3,5,3,2,10,5,5,3,5,4,3,0,0,0,1,4,0,0,0,1,0,0,0,0,1,1,0,0,0,0,0,0,0,10,1,0,10,0,0,10,0,0,10,1,0,0,5,5,9,0,0,9,8,7,10,10,5,9,6,2,9/9/21 15:27,2,0,2,0,0,0,1,0,0,0,0,1,0,0,1,0,0,0,,3,2,3,2,4,4,2,9/9/21 15:31,2,1,2,0,1,1,2,1,1,1,1,1,1,2,1,1,1,0,2,2,0,0,2,0,1,2,2,2,0,2,0,1,0,0,2,9/9/21 15:34,3,2,1,1,3,1,3,2,1,4,3,3,1,4,2,9/9/21 15:37,1,0,1,0,1,0,1,1,0,1,1,1,0,1,0,0,1,1,0,0,1,0,1,1,0,1,0,0,1,0,0,1,0,2,2,0,1,1,1,0,2,1,2,2,2,9/9/21 15:39,1,1,2,2,2,1,2,3,1,3,2,,,,,,,,,0,,,,,,,,,,,,,,,,,,,,,,0,,,,,,,,,,,,,,,,,,,,,,,,,,,,,0,,,,,,,,,,,,,,,,,,,,,,,,,,,,,,,,,,,,,,,,,,,,0,,,,,,,,,,,,,,,,,,,,,,0,,,,,,,,,,,,,,,,,,,,,,,,,,,,,,,,,,,,,,,,,,,,,,,,,,,,0,,,,,,,,,,,,,,,,,,,,,,,,,0,,,,,,,,,,,,,,,,,,,,,,,,,,,,,,,,,0,,,,,,,,,,,,,,0,,,,,,,,,,,,0,,,,,,,,,,,,,,0,,,,,,,,,,,,,,,,,,,,,,,,,,,,,0,,,,,,,,,,,,,,,,,,,,,,,,,,,,0,,,,,,,,,,,,,,0,,,,,,,,,,0,,,,,,,0,,,,,,,,,,,,,,,,,,,,,,,,,,0,,,,0,,,,0,,,,0,,,,,,,,,,,,0,,,,,,,,,,,,,,,,,,,,,,,,,,0,,,,,,,,,,,,,,0,,0,,,,0,,,,0,,,0,,,,,,,0,,,,,,,,,,,,,,,,,,,,,,,,,,0,,,,0,,,,0,,,,0,,,,0,,,,,,,,,,,,0,,,,,,,,,,,,,,,,,,,,,,,,,,0,,,,,,,,,,,,,,0,,,,0,,,,0,,,,0,,,,0,,,,,,,,,,,,0,,,,,,,,,,,,,,,,,,,,,,,,,,0,,,,,,,,,,,,,,0,,,,,,,0,,,,,,,,,,,,,,,,,,,,,,,,,,0,,,,0,,,,0,,,,0,,,,0,,,,,,,,,,,,0,,,,,,,,,,,,,,,,,,,,,,,,,,0,,,,,,,,,,,,,,0,,,,0,,,,0,,,,0,,,,0,,,,,,,,,,,,0,,,,,,,,,,,,,,,,,,,,,,,,,,0,,,,,,,,,,,,,,0
130036,9/11/21 10:16,1,,21,2,0,0,1,1,1,1,1,0,1,1,2,,,0,,,,,,,,0,0,0,0,0,0,0,0,0,,,,0,0,0,0,0,0,0,0,0,0,0,0,,,,,,,,,,,,,,,,,,,,0,,,,,,,,,,,,,,,,0,0,0,0,,0,0,0,0,0,0,0,0,0,0,0,0,0,0,,,,,,,,,,,,,,,,,,,,,,,,,,,,,,0,,,,,,,0,0,0,0,0,0,0,0,0,0,0,0,0,,,,,,,,0,,,,,,,,,,,,,,,,,,,,,,,,,,,,,,,,,,,,0,,,,,,,,,,,,,,,,0,,,,,,,,,,,,,,,,,,,,,,,,,,,,,,,,,,,,,,,,,,,,,,0,,,,,,,,,,,,0,,,,,,,,,0,,,,,,,,,,,,,,,,,,,,,,0,,,,,,,,,,,,,,,,,,,,,,,,,,,,,0,,,,,,,,,,,,,,,,,,,,,,,,,,,,,,,,,,,,,,,,,,,,0,,,,,,,,,,,,,,,,,,,,,,0,,,,,,,,,,,,,,,,,,,,,,,,,,,,,,,,,,,,,,,,,,,,,,,,,,,,0,,,,,,,,,,,,,,,,,,,,,,,,,0,,,,,,,,,,,,,,,,,,,,,,,,,,,,,,,,,0,,,,,,,,,,,,,,0,,,,,,,,,,,,0,,,,,,,,,,,,,,0,,,,,,,,,,,,,,,,,,,,,,,,,,,,,0,,,,,,,,,,,,,,,,,,,,,,,,,,,,0,,,,,,,,,,,,,,0,,,,,,,,,,0,,,,,,,0,,,,,,,,,,,,,,,,,,,,,,,,,,0,,,,0,,,,0,,,,0,,,,,,,,,,,,0,,,,,,,,,,,,,,,,,,,,,,,,,,0,,,,,,,,,,,,,,0,,0,,,,0,,,,0,,,0,,,,,,,0,,,,,,,,,,,,,,,,,,,,,,,,,,0,,,,0,,,,0,,,,0,,,,0,,,,,,,,,,,,0,,,,,,,,,,,,,,,,,,,,,,,,,,0,,,,,,,,,,,,,,0,,,,0,,,,0,,,,0,,,,0,,,,,,,,,,,,0,,,,,,,,,,,,,,,,,,,,,,,,,,0,,,,,,,,,,,,,,0,,,,,,,0,,,,,,,,,,,,,,,,,,,,,,,,,,0,,,,0,,,,0,,,,0,,,,0,,,,,,,,,,,,0,,,,,,,,,,,,,,,,,,,,,,,,,,0,,,,,,,,,,,,,,0,,,,0,,,,0,,,,0,,,,0,,,,,,,,,,,,0,,,,,,,,,,,,,,,,,,,,,,,,,,0,,,,,,,,,,,,,,0
130037,9/12/21 15:12,1,,24,1,0,0,1,1,1,1,1,0,1,1,2,,,0,,,,,,,,0,0,0,0,0,0,0,0,0,,,,0,0,0,0,0,0,0,0,0,0,0,0,,,,,,,,,,,,,,,,,,,,0,,,,,,,,,,,,,,,,0,0,0,0,,0,0,0,0,0,0,0,0,0,0,0,0,0,0,,,,,,,,,,,,,,,,,,,,,,,,,,,,,,0,,,,,,,0,0,0,0,0,0,0,0,0,0,0,0,0,,,,,,,,0,,,,,,,,,,,,,,,,,,,,,,,,,,,,,,,,,,,,0,,,,,,,,,,,,,,,,0,,,,,,,,,,,,,,,,,,,,,,,,,,,,,,,,,,,,,,,,,,,,,,0,,,,,,,,,,,,0,,,,,,,,,0,,,,,,,,,,,,,,,,,,,,,,0,,,,,,,,,,,,,,,,,,,,,,,,,,,,,0,,,,,,,,,,,,,,,,,,,,,,,,,,,,,,,,,,,,,,,,,,,,0,,,,,,,,,,,,,,,,,,,,,,0,,,,,,,,,,,,,,,,,,,,,,,,,,,,,,,,,,,,,,,,,,,,,,,,,,,,0,,,,,,,,,,,,,,,,,,,,,,,,,0,,,,,,,,,,,,,,,,,,,,,,,,,,,,,,,,,0,,,,,,,,,,,,,,0,,,,,,,,,,,,0,,,,,,,,,,,,,,0,,,,,,,,,,,,,,,,,,,,,,,,,,,,,0,,,,,,,,,,,,,,,,,,,,,,,,,,,,0,,,,,,,,,,,,,,0,,,,,,,,,,0,,,,,,,0,,,,,,,,,,,,,,,,,,,,,,,,,,0,,,,0,,,,0,,,,0,,,,,,,,,,,,0,,,,,,,,,,,,,,,,,,,,,,,,,,0,,,,,,,,,,,,,,0,,0,,,,0,,,,0,,,0,,,,,,,0,,,,,,,,,,,,,,,,,,,,,,,,,,0,,,,0,,,,0,,,,0,,,,0,,,,,,,,,,,,0,,,,,,,,,,,,,,,,,,,,,,,,,,0,,,,,,,,,,,,,,0,,,,0,,,,0,,,,0,,,,0,,,,,,,,,,,,0,,,,,,,,,,,,,,,,,,,,,,,,,,0,,,,,,,,,,,,,,0,,,,,,,0,,,,,,,,,,,,,,,,,,,,,,,,,,0,,,,0,,,,0,,,,0,,,,0,,,,,,,,,,,,0,,,,,,,,,,,,,,,,,,,,,,,,,,0,,,,,,,,,,,,,,0,,,,0,,,,0,,,,0,,,,0,,,,,,,,,,,,0,,,,,,,,,,,,,,,,,,,,,,,,,,0,,,,,,,,,,,,,,0
130038,9/13/21 19:33,1,,21,2,0,0,1,1,1,1,1,0,1,1,2,,,0,,,,,,,,0,0,0,0,0,0,0,0,0,,,,0,0,0,0,0,0,0,0,0,0,0,0,,,,,,,,,,,,,,,,,,,,0,,,,,,,,,,,,,,,,0,0,0,0,,0,0,0,0,0,0,0,0,0,0,0,0,0,0,,,,,,,,,,,,,,,,,,,,,,,,,,,,,,0,,,,,,,0,0,0,0,0,0,0,0,0,0,0,0,0,,,,,,,,0,,,,,,,,,,,,,,,,,,,,,,,,,,,,,,,,,,,,0,,,,,,,,,,,,,,,,0,,,,,,,,,,,,,,,,,,,,,,,,,,,,,,,,,,,,,,,,,,,,,,0,,,,,,,,,,,,0,,,,,,,,,0,,,,,,,,,,,,,,,,,,,,,,0,,,,,,,,,,,,,,,,,,,,,,,,,,,,,0,,,,,,,,,,,,,,,,,,,,,,,,,,,,,,,,,,,,,,,,,,,,0,,,,,,,,,,,,,,,,,,,,,,0,,,,,,,,,,,,,,,,,,,,,,,,,,,,,,,,,,,,,,,,,,,,,,,,,,,,0,,,,,,,,,,,,,,,,,,,,,,,,,0,,,,,,,,,,,,,,,,,,,,,,,,,,,,,,,,,0,,,,,,,,,,,,,,0,,,,,,,,,,,,0,,,,,,,,,,,,,,0,,,,,,,,,,,,,,,,,,,,,,,,,,,,,0,,,,,,,,,,,,,,,,,,,,,,,,,,,,0,,,,,,,,,,,,,,0,,,,,,,,,,0,,,,,,,0,,,,,,,,,,,,,,,,,,,,,,,,,,0,,,,0,,,,0,,,,0,,,,,,,,,,,,0,,,,,,,,,,,,,,,,,,,,,,,,,,0,,,,,,,,,,,,,,0,,0,,,,0,,,,0,,,0,,,,,,,0,,,,,,,,,,,,,,,,,,,,,,,,,,0,,,,0,,,,0,,,,0,,,,0,,,,,,,,,,,,0,,,,,,,,,,,,,,,,,,,,,,,,,,0,,,,,,,,,,,,,,0,,,,0,,,,0,,,,0,,,,0,,,,,,,,,,,,0,,,,,,,,,,,,,,,,,,,,,,,,,,0,,,,,,,,,,,,,,0,,,,,,,0,,,,,,,,,,,,,,,,,,,,,,,,,,0,,,,0,,,,0,,,,0,,,,0,,,,,,,,,,,,0,,,,,,,,,,,,,,,,,,,,,,,,,,0,,,,,,,,,,,,,,0,,,,0,,,,0,,,,0,,,,0,,,,,,,,,,,,0,,,,,,,,,,,,,,,,,,,,,,,,,,0,,,,,,,,,,,,,,0
130039,9/17/21 14:28,1,,20,2,0,0,1,1,1,1,1,0,1,1,2,,,0,,,,,,,,0,0,0,0,0,0,0,0,0,,,,0,0,0,0,0,0,0,0,0,0,0,0,,,,,,,,,,,,,,,,,,,,0,,,,,,,,,,,,,,,,0,0,0,0,,0,0,0,0,0,0,0,0,0,0,0,0,0,0,,,,,,,,,,,,,,,,,,,,,,,,,,,,,,0,,,,,,,0,0,0,0,0,0,0,0,0,0,0,0,0,,,,,,,,0,,,,,,,,,,,,,,,,,,,,,,,,,,,,,,,,,,,,0,,,,,,,,,,,,,,,,0,,,,,,,,,,,,,,,,,,,,,,,,,,,,,,,,,,,,,,,,,,,,,,0,,,,,,,,,,,,0,,,,,,,,,0,,,,,,,,,,,,,,,,,,,,,,0,,,,,,,,,,,,,,,,,,,,,,,,,,,,,0,,,,,,,,,,,,,,,,,,,,,,,,,,,,,,,,,,,,,,,,,,,,0,,,,,,,,,,,,,,,,,,,,,,0,,,,,,,,,,,,,,,,,,,,,,,,,,,,,,,,,,,,,,,,,,,,,,,,,,,,0,,,,,,,,,,,,,,,,,,,,,,,,,0,,,,,,,,,,,,,,,,,,,,,,,,,,,,,,,,,0,,,,,,,,,,,,,,0,,,,,,,,,,,,0,,,,,,,,,,,,,,0,,,,,,,,,,,,,,,,,,,,,,,,,,,,,0,,,,,,,,,,,,,,,,,,,,,,,,,,,,0,,,,,,,,,,,,,,0,,,,,,,,,,0,,,,,,,0,,,,,,,,,,,,,,,,,,,,,,,,,,0,,,,0,,,,0,,,,0,,,,,,,,,,,,0,,,,,,,,,,,,,,,,,,,,,,,,,,0,,,,,,,,,,,,,,0,,0,,,,0,,,,0,,,0,,,,,,,0,,,,,,,,,,,,,,,,,,,,,,,,,,0,,,,0,,,,0,,,,0,,,,0,,,,,,,,,,,,0,,,,,,,,,,,,,,,,,,,,,,,,,,0,,,,,,,,,,,,,,0,,,,0,,,,0,,,,0,,,,0,,,,,,,,,,,,0,,,,,,,,,,,,,,,,,,,,,,,,,,0,,,,,,,,,,,,,,0,,,,,,,0,,,,,,,,,,,,,,,,,,,,,,,,,,0,,,,0,,,,0,,,,0,,,,0,,,,,,,,,,,,0,,,,,,,,,,,,,,,,,,,,,,,,,,0,,,,,,,,,,,,,,0,,,,0,,,,0,,,,0,,,,0,,,,,,,,,,,,0,,,,,,,,,,,,,,,,,,,,,,,,,,0,,,,,,,,,,,,,,0
130040,9/19/21 12:03,1,,21,2,0,0,1,1,1,1,1,0,1,1,2,,,0,,,,,,,,0,0,0,0,0,0,0,0,0,,,,0,0,0,0,0,0,0,0,0,0,0,0,,,,,,,,,,,,,,,,,,,,0,,,,,,,,,,,,,,,,0,0,0,0,,0,0,0,0,0,0,0,0,0,0,0,0,0,0,,,,,,,,,,,,,,,,,,,,,,,,,,,,,,0,,,,,,,0,0,0,0,0,0,0,0,0,0,0,0,0,,,,,,,,0,,,,,,,,,,,,,,,,,,,,,,,,,,,,,,,,,,,,0,,,,,,,,,,,,,,,,0,,,,,,,,,,,,,,,,,,,,,,,,,,,,,,,,,,,,,,,,,,,,,,0,,,,,,,,,,,,0,,,,,,,,,0,,,,,,,,,,,,,,,,,,,,,,0,,,,,,,,,,,,,,,,,,,,,,,,,,,,,0,,,,,,,,,,,,,,,,,,,,,,,,,,,,,,,,,,,,,,,,,,,,0,,,,,,,,,,,,,,,,,,,,,,0,,,,,,,,,,,,,,,,,,,,,,,,,,,,,,,,,,,,,,,,,,,,,,,,,,,,0,,,,,,,,,,,,,,,,,,,,,,,,,0,,,,,,,,,,,,,,,,,,,,,,,,,,,,,,,,,0,,,,,,,,,,,,,,0,,,,,,,,,,,,0,,,,,,,,,,,,,,0,,,,,,,,,,,,,,,,,,,,,,,,,,,,,0,,,,,,,,,,,,,,,,,,,,,,,,,,,,0,,,,,,,,,,,,,,0,,,,,,,,,,0,,,,,,,0,,,,,,,,,,,,,,,,,,,,,,,,,,0,,,,0,,,,0,,,,0,,,,,,,,,,,,0,,,,,,,,,,,,,,,,,,,,,,,,,,0,,,,,,,,,,,,,,0,,0,,,,0,,,,0,,,0,,,,,,,0,,,,,,,,,,,,,,,,,,,,,,,,,,0,,,,0,,,,0,,,,0,,,,0,,,,,,,,,,,,0,,,,,,,,,,,,,,,,,,,,,,,,,,0,,,,,,,,,,,,,,0,,,,0,,,,0,,,,0,,,,0,,,,,,,,,,,,0,,,,,,,,,,,,,,,,,,,,,,,,,,0,,,,,,,,,,,,,,0,,,,,,,0,,,,,,,,,,,,,,,,,,,,,,,,,,0,,,,0,,,,0,,,,0,,,,0,,,,,,,,,,,,0,,,,,,,,,,,,,,,,,,,,,,,,,,0,,,,,,,,,,,,,,0,,,,0,,,,0,,,,0,,,,0,,,,,,,,,,,,0,,,,,,,,,,,,,,,,,,,,,,,,,,0,,,,,,,,,,,,,,0
130041,9/19/21 16:07,2,Florida International univeristy ,22,1,0,0,1,1,1,1,1,0,1,1,2,,,0,,,,,,,,0,0,0,0,0,0,0,0,0,,,,0,0,0,0,0,0,0,0,0,0,0,0,,,,,,,,,,,,,,,,,,,,0,,,,,,,,,,,,,,,,0,0,0,0,,0,0,0,0,0,0,0,0,0,0,0,0,0,0,,,,,,,,,,,,,,,,,,,,,,,,,,,,,,0,,,,,,,0,0,0,0,0,0,0,0,0,0,0,0,0,,,,,,,,0,,,,,,,,,,,,,,,,,,,,,,,,,,,,,,,,,,,,0,,,,,,,,,,,,,,,,0,,,,,,,,,,,,,,,,,,,,,,,,,,,,,,,,,,,,,,,,,,,,,,0,,,,,,,,,,,,0,,,,,,,,,0,,,,,,,,,,,,,,,,,,,,,,0,,,,,,,,,,,,,,,,,,,,,,,,,,,,,0,,,,,,,,,,,,,,,,,,,,,,,,,,,,,,,,,,,,,,,,,,,,0,,,,,,,,,,,,,,,,,,,,,,0,,,,,,,,,,,,,,,,,,,,,,,,,,,,,,,,,,,,,,,,,,,,,,,,,,,,0,,,,,,,,,,,,,,,,,,,,,,,,,0,,,,,,,,,,,,,,,,,,,,,,,,,,,,,,,,,0,,,,,,,,,,,,,,0,,,,,,,,,,,,0,,,,,,,,,,,,,,0,,,,,,,,,,,,,,,,,,,,,,,,,,,,,0,,,,,,,,,,,,,,,,,,,,,,,,,,,,0,,,,,,,,,,,,,,0,,,,,,,,,,0,,,,,,,0,,,,,,,,,,,,,,,,,,,,,,,,,,0,,,,0,,,,0,,,,0,,,,,,,,,,,,0,,,,,,,,,,,,,,,,,,,,,,,,,,0,,,,,,,,,,,,,,0,,0,,,,0,,,,0,,,0,,,,,,,0,,,,,,,,,,,,,,,,,,,,,,,,,,0,,,,0,,,,0,,,,0,,,,0,,,,,,,,,,,,0,,,,,,,,,,,,,,,,,,,,,,,,,,0,,,,,,,,,,,,,,0,,,,0,,,,0,,,,0,,,,0,,,,,,,,,,,,0,,,,,,,,,,,,,,,,,,,,,,,,,,0,,,,,,,,,,,,,,0,,,,,,,0,,,,,,,,,,,,,,,,,,,,,,,,,,0,,,,0,,,,0,,,,0,,,,0,,,,,,,,,,,,0,,,,,,,,,,,,,,,,,,,,,,,,,,0,,,,,,,,,,,,,,0,,,,0,,,,0,,,,0,,,,0,,,,,,,,,,,,0,,,,,,,,,,,,,,,,,,,,,,,,,,0,,,,,,,,,,,,,,0
130042,9/19/21 16:36,1,,22,1,0,0,1,1,1,1,1,0,1,1,2,9/19/21 16:37,1,2,9/19/21 16:39,1,1,,2,Female ,Attracted to men,0,0,0,1,0,0,0,0,0,,2,,0,0,0,1,0,0,0,0,0,0,0,0,,1,Psychology,1,1,,Agnostic,2,2,5,2,3,3,2,,2,,2,,2,9/19/21 16:45,6,2,0,3,7,7,7,7,9,9,3,7,7,7,1,0,0,0,1,1,0,0,1,1,0,1,1,1,1,1,1,1,0,0,5,5,7,7,7,5,5,6,7,5,0,10,10,10,5,7,9,4,2,4,10,10,10,8,5,0,9,7,2,9/19/21 16:47,3,2,2,0,1,0,1,0,1,0,1,0,0,0,1,0,0,0,,2,1,1,4,3,4,2,9/19/21 16:51,2,1,1,0,1,1,1,1,1,1,1,2,0,2,0,1,0,0,0,0,0,0,0,1,2,2,1,2,0,2,1,0,0,1,2,9/19/21 16:53,3,3,2,2,4,3,2,2,2,3,3,2,2,1,2,9/19/21 16:56,0,0,1,1,1,0,0,0,0,0,0,1,1,1,1,0,0,0,0,0,1,0,0,0,0,0,1,0,0,0,0,0,1,1,1,0,1,1,1,0,0,1,1,0,2,9/19/21 16:57,1,1,4,4,2,3,2,1,2,3,2,9/19/21 16:57,0,0,0,0,0,0,0,2,9/19/21 16:59,2,3,3,3,3,3,2,2,2,4,4,2,4,1,2,2,2,2,2,1,2,9/19/21 17:02,2,2,1,2,2,1,1,2,1,2,1,1,1,2,1,2,2,1,2,3,2,1,2,2,2,1,2,2,9/19/21 17:09,"I was at a social gathering with many people in a relatively small space. I was a party for my godson, I am one of the godmothers my sister's sister in law is the other godmother. I felt very stressed because of the number of people that were there and she wouldn't give me the space to also carry the baby, she wanted all of the attention for her, and I did not feel like getting into a power struggle but instead, I became incredibly irritated started shaking when everyone started singing and had to leave the room to cry in the bathroom from the frustration I was feeling.  ",5,5,1,2,5,5,5,5,5,1,5,3,1,1,2,5,4,3,1,1,1,5,5,4,1,1,1,2,1,1,2,2,1,1,1,1,1,1,1,2,5,2,9/19/21 17:11,4,5,4,4,2,4,2,5,5,4,4,5,5,5,5,5,5,5,5,5,2,9/19/21 17:18,1,1,1,1,1,1,1,1,,1,,,1,1,1,,1,1,,,1,,1,1,1,,1,,,1,,,,,,,1,,,,,,,,1,,,,,,2,9/19/21 17:22,1,1,7,3,6,7,7,5,7,7,7,1,2,1,5,7,1,1,7,3,1,7,3,2,9/19/21 17:25,4,4,3,3,4,1,4,1,1,4,2,3,3,4,4,4,2,4,4,2,4,4,4,4,4,4,3,4,3,2,2,2,9/19/21 17:26,4,4,5,5,2,1,2,3,3,1,3,2,2,9/19/21 17:27,7,6,7,5,7,3,6,6,3,6,2,9/19/21 17:28,2,1,2,1,1,2,3,1,2,2,3,1,2,9/19/21 17:31,7,4,5,3,7,3,4,4,6,7,7,7,7,4,3,3,4,7,4,2,4,6,4,6,6,6,7,2,9/19/21 17:33,11pm,30,5am,6,1,3,2,1,0,2,2,2,2,0,,1,0,2,0,0,,,,,,,2,9/19/21 17:34,2,3,3,3,2,2,2,4,3,4,2,4,2,9/19/21 17:34,0,0,0,0,0,0,0,0,2,9/19/21 17:35,8,2,2,5,5,2,9/19/21 17:37,2,4,1,2,1,5,4,1,3,2,5,5,2,3,4,4,5,2,1,1,5,5,2,5,2,9/19/21 17:41,1,1,2,9/19/21 17:46,1,1,2,9/19/21 17:52,1,1,2,9/19/21 17:52,5,7,6,10,10,5,10,10,10,10,2,9/19/21 17:53,3,5,2,2,5,5,5,1,3,1,5,5,5,5,5,2,5,5,1,1,5,5,5,5,2,9/19/21 17:54,5,3,2,3,2,1,1,2,1,1,2,1,2,9/19/21 17:54,2,9/19/21 17:55,0,1,2,9/22/21 19:44,1,9/23/21 19:00,2,9/22/21 19:31,1,2,9/23/21 19:08,7,7,2,2,5,2,9/23/21 19:09,1,3,1,1,2,1,1,1,1,1,5,5,5,5,4,3,5,2,2,2,5,4,2,4,2,,,,0,,,,0,,,,0,,,,0,,,,,,,,,,,,0,,,,,,,,,,,,,,,,,,,,,,,,,,0,,,,,,,,,,,,,,0,,,,0,,,,0,,,,0,,,,0,,,,,,,,,,,,0,,,,,,,,,,,,,,,,,,,,,,,,,,0,,,,,,,,,,,,,,0,,,,,,,0,,,,,,,,,,,,,,,,,,,,,,,,,,0,,,,0,,,,0,,,,0,,,,0,,,,,,,,,,,,0,,,,,,,,,,,,,,,,,,,,,,,,,,0,,,,,,,,,,,,,,0,,,,0,,,,0,,,,0,,,,0,,,,,,,,,,,,0,,,,,,,,,,,,,,,,,,,,,,,,,,0,,,,,,,,,,,,,,0
130043,9/20/21 11:58,1,,21,1,0,0,1,1,1,1,1,0,1,1,2,9/20/21 11:58,1,2,9/20/21 12:01,1,5,I do not have any,2,Female,Male,0,0,0,1,0,0,0,0,0,,3,,0,1,0,0,1,0,0,0,0,0,0,0,,2,Psychology in Behavior Analysis ,2,1,,Christian \,3,7,8,2,3,2,2,,2,,2,,2,9/20/21 15:42,10,10,7,3,6,3,2,10,10,4,3,7,3,2,0,0,0,1,4,0,0,0,0,1,0,0,0,1,1,0,0,0,0,5,5,5,10,5,0,10,5,0,10,5,0,10,5,0,10,5,0,2,0,0,10,10,5,10,10,5,9,8,2,9/20/21 15:53,1,2,2,0,0,0,1,1,1,0,1,1,0,0,0,0,0,0,,4,2,2,2,4,4,2,9/20/21 16:34,2,1,1,1,1,1,2,0,1,1,1,1,1,1,0,0,1,1,1,1,2,0,0,1,1,2,1,2,0,2,0,1,0,1,2,9/20/21 16:43,3,2,1,1,3,1,2,3,1,5,4,4,2,1,2,9/20/21 16:47,0,1,1,0,1,0,0,0,0,1,0,0,0,0,0,1,0,1,0,0,0,0,1,0,1,1,1,0,2,1,0,0,1,2,1,0,1,1,0,0,1,1,2,2,2,9/20/21 16:51,4,3,3,1,1,1,4,2,1,4,2,9/20/21 16:52,0,0,0,0,0,0,0,2,9/20/21 17:28,4,5,5,5,4,5,2,5,3,5,5,5,5,4,5,5,3,5,4,3,2,9/20/21 17:31,1,1,1,1,1,1,1,3,2,1,1,1,1,1,1,1,1,1,2,1,1,1,2,1,1,1,4,2,9/20/21 17:38,When I was stressed about one of my classes I was doing well in the new information that was taught frustrated me. I reassessed my thoughts and asked for help to improve and have a better understanding.,4,4,1,2,1,1,2,3,1,2,3,1,1,3,4,1,5,4,5,1,1,2,2,1,1,1,1,1,1,1,4,1,1,2,1,1,1,1,1,5,5,2,9/20/21 17:39,5,5,5,5,5,5,5,5,5,5,5,5,5,5,5,5,5,5,5,5,2,9/20/21 17:44,1,,1,,,1,1,1,1,,1,1,,1,1,,1,1,,,1,,1,,,1,1,,1,,,,,,1,,,,1,1,,1,,1,1,,,1,1,,2,9/20/21 17:50,7,7,1,5,4,7,5,1,4,7,5,1,4,1,5,7,1,7,7,4,1,7,1,2,9/20/21 18:00,4,4,3,3,4,1,4,4,3,4,4,3,1,2,4,4,4,4,4,2,4,4,1,4,4,4,4,4,4,4,4,2,9/20/21 18:29,2,3,2,2,2,3,2,2,2,2,2,2,2,9/20/21 18:35,4,2,5,1,7,4,7,7,4,7,2,9/20/21 18:38,2,2,1,1,1,1,0,0,1,1,1,1,2,9/20/21 18:49,2,7,7,4,1,4,1,1,1,7,2,7,4,5,4,6,2,6,7,7,7,7,4,1,4,4,7,2,9/20/21 18:55,12:00 AM,15,9:00 AM,6,0,0,3,0,0,0,2,2,2,0,,1,0,0,0,0,,,,,,,2,9/20/21 19:16,2,2,2,2,1,1,1,1,1,1,2,1,2,9/20/21 19:17,0,0,0,1,0,1,0,0,2,9/20/21 19:17,9,2,0,10,5,2,9/20/21 19:20,1,5,1,2,4,1,1,1,1,1,4,5,4,5,4,4,4,5,2,5,5,5,5,5,2,9/20/21 19:25,1,1,2,9/20/21 19:32,1,1,2,9/20/21 19:39,1,1,2,9/20/21 19:40,4,3,3,3,8,8,1,4,6,5,2,9/20/21 19:42,3,5,1,1,5,3,3,1,2,1,4,5,5,5,1,1,3,1,1,3,3,3,3,3,2,9/20/21 19:43,4,1,2,1,1,2,1,1,1,1,2,1,2,9/20/21 19:43,2,9/20/21 19:44,0,1,2,9/20/21 19:48,1,9/30/21 16:00,2,,,0,,,,,,,0,,,,,,,,,,,,,,,,,,,,,,,,,,0,,,,0,,,,0,,,,0,,,,0,,,,,,,,,,,,0,,,,,,,,,,,,,,,,,,,,,,,,,,0,,,,,,,,,,,,,,0,,,,0,,,,0,,,,0,,,,0,,,,,,,,,,,,0,,,,,,,,,,,,,,,,,,,,,,,,,,0,,,,,,,,,,,,,,0,,,,,,,0,,,,,,,,,,,,,,,,,,,,,,,,,,0,,,,0,,,,0,,,,0,,,,0,,,,,,,,,,,,0,,,,,,,,,,,,,,,,,,,,,,,,,,0,,,,,,,,,,,,,,0,,,,0,,,,0,,,,0,,,,0,,,,,,,,,,,,0,,,,,,,,,,,,,,,,,,,,,,,,,,0,,,,,,,,,,,,,,0
130044,9/20/21 15:01,1,,22,1,0,0,1,1,1,1,1,0,1,1,2,9/23/21 15:03,1,2,9/23/21 15:10,1,1,,2,female,heterosexual,0,0,0,1,0,0,0,0,0,,3,,0,1,0,1,0,0,0,0,0,0,0,0,,1,Psychology ,1,1,,god is the universe ,2,3,10,2,2,2,2,,1,Anxiety,1,Visual aid ,2,9/23/21 15:29,6,6,4,3,7,6,7,8,6,3,3,7,6,7,1,0,0,0,1,0,1,1,1,1,0,1,0,1,1,1,1,0,0,1,1,1,0,0,0,0,0,0,7,0,0,3,7,5,2,7,5,0,0,0,10,10,10,10,9,4,19,6,2,9/23/21 15:32,1,1,1,3,2,1,1,0,0,0,0,0,0,0,1,0,0,0,,2,3,2,3,4,2,2,9/23/21 15:54,2,2,2,1,2,1,2,1,0,1,1,1,1,1,1,1,2,1,0,0,2,1,0,0,0,0,1,1,1,1,1,1,0,0,2,9/23/21 15:57,3,3,3,4,3,3,3,3,2,3,3,3,3,2,2,9/23/21 16:02,0,2,2,0,0,0,1,2,2,2,1,1,1,1,1,0,1,1,1,1,1,1,1,1,0,0,1,0,1,1,1,1,1,1,1,1,1,0,1,0,1,1,1,1,2,9/23/21 16:04,2,2,2,2,2,2,3,3,3,3,2,9/23/21 16:06,2,1,1,0,0,0,1,2,9/23/21 16:21,3,1,3,2,2,4,1,4,2,2,2,1,4,2,2,3,2,4,2,2,2,9/23/21 16:30,1,2,2,1,1,2,2,2,2,3,1,1,1,2,1,2,2,2,1,2,1,3,2,2,2,1,1,2,9/23/21 16:52,"Had a guy cut me off then threaten me and begin to follow me, had to call the local police",4,4,1,3,1,4,1,3,1,1,1,5,1,1,1,1,1,1,3,1,1,2,3,3,2,3,3,3,3,1,3,1,1,1,1,1,1,1,1,1,3,2,9/23/21 16:54,5,5,3,4,3,3,3,5,4,5,5,5,5,5,5,4,3,5,4,5,2,9/23/21 17:03,1,,1,1,,1,,1,,1,1,1,1,1,,,,1,1,,,1,,,,1,1,1,,,,,,1,,,,,,,,1,,1,,1,,,,1,2,9/23/21 17:10,6,7,2,5,5,5,6,2,2,6,6,6,5,2,5,6,2,5,6,5,5,6,6,2,9/23/21 17:12,4,4,4,4,4,3,4,4,4,4,4,4,2,2,4,4,4,4,4,4,4,4,4,4,3,4,4,4,4,4,3,2,9/23/21 17:15,2,2,2,2,2,3,3,2,2,2,4,1,2,9/23/21 17:20,6,6,6,2,5,5,5,5,3,5,2,9/23/21 17:21,4,2,2,1,2,1,1,1,0,1,0,0,2,9/23/21 17:24,3,6,5,2,6,4,3,1,2,6,4,4,3,6,6,6,4,3,3,5,5,6,2,4,2,3,4,2,9/23/21 17:26,12:00 AM,120,12:00 PM,10,2,0,0,0,0,1,1,0,1,0,,1,0,0,1,0,,,,,,,2,9/23/21 17:28,3,3,2,3,2,3,3,3,3,2,2,3,2,9/23/21 17:29,2,1,2,1,1,1,1,1,2,9/23/21 17:30,10,2,5,0,5,2,9/23/21 17:32,2,3,1,2,1,1,2,1,1,1,4,4,4,4,4,3,3,3,4,4,3,4,3,4,2,9/23/21 17:36,1,1,2,9/23/21 17:40,1,1,2,9/23/21 17:46,1,1,2,9/23/21 17:47,5,5,5,5,5,5,5,5,5,5,2,9/23/21 17:48,2,2,1,1,3,2,1,1,1,1,3,4,2,1,1,1,2,3,1,1,2,1,1,1,2,9/23/21 17:49,4,4,3,1,1,1,1,1,1,1,3,3,2,9/23/21 17:49,2,9/23/21 17:49,0,1,2,,,,0,,,0,,,,,,,0,,,,,,,,,,,,,,,,,,,,,,,,,,0,,,,0,,,,0,,,,0,,,,0,,,,,,,,,,,,0,,,,,,,,,,,,,,,,,,,,,,,,,,0,,,,,,,,,,,,,,0,,,,0,,,,0,,,,0,,,,0,,,,,,,,,,,,0,,,,,,,,,,,,,,,,,,,,,,,,,,0,,,,,,,,,,,,,,0,,,,,,,0,,,,,,,,,,,,,,,,,,,,,,,,,,0,,,,0,,,,0,,,,0,,,,0,,,,,,,,,,,,0,,,,,,,,,,,,,,,,,,,,,,,,,,0,,,,,,,,,,,,,,0,,,,0,,,,0,,,,0,,,,0,,,,,,,,,,,,0,,,,,,,,,,,,,,,,,,,,,,,,,,0,,,,,,,,,,,,,,0
130045,9/20/21 21:31,1,,22,1,0,0,1,1,1,1,1,0,1,1,2,,,0,,,,,,,,0,0,0,0,0,0,0,0,0,,,,0,0,0,0,0,0,0,0,0,0,0,0,,,,,,,,,,,,,,,,,,,,0,,,,,,,,,,,,,,,,0,0,0,0,,0,0,0,0,0,0,0,0,0,0,0,0,0,0,,,,,,,,,,,,,,,,,,,,,,,,,,,,,,0,,,,,,,0,0,0,0,0,0,0,0,0,0,0,0,0,,,,,,,,0,,,,,,,,,,,,,,,,,,,,,,,,,,,,,,,,,,,,0,,,,,,,,,,,,,,,,0,,,,,,,,,,,,,,,,,,,,,,,,,,,,,,,,,,,,,,,,,,,,,,0,,,,,,,,,,,,0,,,,,,,,,0,,,,,,,,,,,,,,,,,,,,,,0,,,,,,,,,,,,,,,,,,,,,,,,,,,,,0,,,,,,,,,,,,,,,,,,,,,,,,,,,,,,,,,,,,,,,,,,,,0,,,,,,,,,,,,,,,,,,,,,,0,,,,,,,,,,,,,,,,,,,,,,,,,,,,,,,,,,,,,,,,,,,,,,,,,,,,0,,,,,,,,,,,,,,,,,,,,,,,,,0,,,,,,,,,,,,,,,,,,,,,,,,,,,,,,,,,0,,,,,,,,,,,,,,0,,,,,,,,,,,,0,,,,,,,,,,,,,,0,,,,,,,,,,,,,,,,,,,,,,,,,,,,,0,,,,,,,,,,,,,,,,,,,,,,,,,,,,0,,,,,,,,,,,,,,0,,,,,,,,,,0,,,,,,,0,,,,,,,,,,,,,,,,,,,,,,,,,,0,,,,0,,,,0,,,,0,,,,,,,,,,,,0,,,,,,,,,,,,,,,,,,,,,,,,,,0,,,,,,,,,,,,,,0,,0,,,,0,,,,0,,,0,,,,,,,0,,,,,,,,,,,,,,,,,,,,,,,,,,0,,,,0,,,,0,,,,0,,,,0,,,,,,,,,,,,0,,,,,,,,,,,,,,,,,,,,,,,,,,0,,,,,,,,,,,,,,0,,,,0,,,,0,,,,0,,,,0,,,,,,,,,,,,0,,,,,,,,,,,,,,,,,,,,,,,,,,0,,,,,,,,,,,,,,0,,,,,,,0,,,,,,,,,,,,,,,,,,,,,,,,,,0,,,,0,,,,0,,,,0,,,,0,,,,,,,,,,,,0,,,,,,,,,,,,,,,,,,,,,,,,,,0,,,,,,,,,,,,,,0,,,,0,,,,0,,,,0,,,,0,,,,,,,,,,,,0,,,,,,,,,,,,,,,,,,,,,,,,,,0,,,,,,,,,,,,,,0
130046,9/21/21 20:12,1,,19,2,0,0,1,1,1,1,1,0,1,1,2,9/30/21 17:38,1,2,9/30/21 17:44,1,1,,2,Cisgender,Straight,0,0,1,0,0,0,0,0,0,,3,,0,0,0,0,0,1,0,0,0,0,0,0,,1,Psychology,3,1,,Christian,3,6,9,3,1,1,2,,2,,2,,2,10/3/21 13:43,7,9,8,2,7,7,7,6,4,2,1,7,3,2,1,0,1,0,3,1,0,0,0,0,0,1,1,1,0,0,0,1,0,0,10,0,10,8,10,10,10,9,10,7,4,3,9,5,0,10,8,0,0,0,10,10,7,6,10,1,8,7,2,10/3/21 14:05,3,1,2,0,0,1,1,1,1,1,0,0,0,0,1,0,1,0,,3,3,3,3,2,2,2,10/3/21 14:16,1,0,1,2,2,2,1,2,2,0,0,1,1,1,1,2,2,1,1,1,0,1,1,0,1,1,1,2,1,2,0,1,0,0,2,10/3/21 14:19,2,2,1,3,3,4,2,3,2,3,3,2,1,3,2,10/3/21 14:58,0,0,0,0,1,0,0,1,0,1,0,0,1,2,0,1,1,2,1,0,1,1,1,1,1,0,1,0,1,1,2,0,1,1,2,0,1,1,1,1,2,1,1,1,2,10/3/21 14:22,4,2,2,2,1,1,4,3,1,4,2,10/3/21 14:59,0,0,0,0,0,1,1,2,10/3/21 15:27,2,3,5,2,2,4,2,2,1,2,3,2,4,2,2,2,2,4,2,3,2,10/3/21 15:45,2,1,1,1,1,1,1,1,2,2,1,2,1,2,2,2,2,2,3,3,1,2,2,1,1,2,1,2,10/3/21 15:54,0ct 2: Didn't perform as well as I expected on quiz,5,4,4,2,2,5,5,2,3,2,2,3,1,3,3,1,2,1,1,2,2,1,2,2,1,1,1,1,1,1,1,1,1,1,1,1,2,2,1,3,2,2,10/3/21 14:29,5,5,5,4,5,5,4,5,5,3,3,5,5,5,3,4,4,3,5,5,2,10/3/21 14:27,1,,1,,1,,1,1,,1,1,1,1,1,1,1,,1,1,,,1,,,1,,1,,1,,,,1,,1,,1,,,,,,1,1,1,1,1,1,,,2,10/3/21 15:57,6,5,2,2,4,2,2,6,6,6,6,1,5,1,6,4,1,2,7,4,1,7,1,2,10/3/21 15:58,4,4,4,4,4,2,3,3,2,4,4,4,2,1,4,4,4,2,4,2,4,3,3,4,3,4,4,4,4,4,4,2,10/3/21 15:59,2,5,4,4,5,4,4,5,4,4,4,4,2,10/3/21 16:00,6,6,5,5,4,6,7,7,6,6,2,10/3/21 16:02,0,0,1,1,0,0,2,1,0,1,0,1,2,10/3/21 16:03,3,4,4,4,3,1,1,3,6,5,3,3,5,5,4,3,3,2,3,5,5,5,4,6,6,6,6,2,10/3/21 16:05,1:00am,15,11:00,9,0,0,1,0,0,2,2,0,0,0,,0,0,1,1,1,0,0,0,0,0,,2,10/3/21 14:31,2,3,3,4,3,3,2,2,2,2,2,2,2,10/3/21 16:06,0,0,1,1,2,0,0,0,2,10/3/21 14:20,9,9,1,0,2,2,10/3/21 14:33,2,1,1,1,2,2,1,1,1,2,4,4,3,4,4,3,4,2,2,2,3,4,2,3,2,10/3/21 16:10,1,1,2,10/3/21 16:15,1,1,2,10/3/21 16:23,1,1,2,10/3/21 16:24,7,7,10,10,8,9,10,9,10,10,2,10/3/21 16:46,4,4,1,1,3,3,3,1,2,2,5,5,5,5,3,2,3,2,1,2,3,4,4,5,2,10/3/21 16:46,5,4,4,4,2,4,2,4,1,1,2,2,2,10/3/21 16:46,2,10/3/21 16:48,0,1,2,10/3/21 19:38,1,10/6/21 6:03,2,,,0,,,,,,,0,,,,,,,,,,,,,,,,,,,,,,,,,,0,,,,0,,,,0,,,,0,,,,0,,,,,,,,,,,,0,,,,,,,,,,,,,,,,,,,,,,,,,,0,,,,,,,,,,,,,,0,,,,0,,,,0,,,,0,,,,0,,,,,,,,,,,,0,,,,,,,,,,,,,,,,,,,,,,,,,,0,,,,,,,,,,,,,,0,,,,,,,0,,,,,,,,,,,,,,,,,,,,,,,,,,0,,,,0,,,,0,,,,0,,,,0,,,,,,,,,,,,0,,,,,,,,,,,,,,,,,,,,,,,,,,0,,,,,,,,,,,,,,0,,,,0,,,,0,,,,0,,,,0,,,,,,,,,,,,0,,,,,,,,,,,,,,,,,,,,,,,,,,0,,,,,,,,,,,,,,0
130047,9/26/21 16:21,1,,18,2,0,0,1,1,1,1,1,0,1,1,2,9/28/21 16:22,1,2,9/28/21 16:25,1,1,,2,Female,Straight ,0,0,0,1,0,0,0,0,0,,3,,0,1,0,0,0,0,0,0,0,0,0,0,,1,Psychology ,3,1,,Catholic ,3,9,6,3,3,1,2,,3,,2,,2,9/28/21 16:29,10,5,10,3,7,7,7,10,10,10,1,7,7,7,0,0,0,1,4,0,0,0,1,0,0,0,0,0,0,0,0,0,1,9,8,7,8,8,8,9,8,7,8,7,6,8,7,6,7,6,6,6,6,6,8,8,8,8,8,8,10,8,2,9/28/21 16:29,3,3,3,3,3,0,1,1,1,1,1,0,0,0,1,0,0,0,,1,1,1,1,1,1,2,10/1/21 16:30,1,1,1,1,0,1,1,1,1,1,1,2,1,1,2,2,1,1,1,1,1,1,1,1,1,1,1,1,1,1,1,0,0,0,2,10/1/21 16:33,3,3,3,4,4,4,4,4,3,3,4,4,5,5,2,10/1/21 16:34,1,2,1,1,1,2,2,2,2,0,2,2,1,1,2,2,2,2,2,2,2,2,2,2,2,2,2,2,2,2,2,2,2,1,2,2,2,1,1,1,1,1,1,2,2,10/1/21 16:35,3,4,4,4,4,4,4,4,4,4,2,10/1/21 16:35,2,2,2,2,2,2,2,2,10/1/21 16:36,5,5,5,5,5,5,5,5,5,5,5,4,4,4,4,4,4,4,5,5,2,10/1/21 16:40,4,4,4,4,3,3,3,3,4,4,4,4,3,3,3,4,4,4,3,4,4,4,4,4,4,4,4,2,10/1/21 16:46,Got betrayed by my best friend of 10 years of relationship. I didn't do anything about it.,4,4,1,2,2,5,1,3,4,4,5,2,3,3,3,5,5,5,5,5,5,5,5,5,5,5,5,5,5,5,5,5,5,5,5,5,5,5,5,5,5,2,10/1/21 16:46,5,4,5,5,5,5,5,5,5,5,5,5,5,5,5,3,5,5,5,5,2,10/1/21 16:48,1,1,1,1,1,1,1,,1,1,1,1,1,1,1,1,1,1,1,1,1,1,1,1,1,1,1,1,1,1,1,1,1,1,1,1,1,1,1,1,1,1,1,1,1,1,1,1,1,1,2,10/1/21 16:56,7,7,7,7,7,5,7,3,7,7,7,7,6,1,4,6,2,4,7,7,1,7,3,2,10/1/21 16:57,4,4,4,4,4,4,4,4,4,4,4,4,3,4,4,4,4,4,4,4,4,4,4,4,4,4,4,4,4,4,4,2,10/1/21 17:01,3,5,3,3,3,3,4,3,4,3,3,3,2,10/1/21 17:01,4,5,5,5,5,5,5,5,5,5,2,10/1/21 17:02,3,3,3,3,2,2,2,2,2,2,2,2,2,10/1/21 17:03,4,4,4,4,4,5,5,5,5,5,4,4,4,4,4,4,4,4,4,4,4,4,4,4,4,4,4,2,10/1/21 17:05,1-2Am,30,11am ,7,3,2,0,0,0,2,3,2,1,0,,2,2,2,2,0,,,,,,,2,10/1/21 17:06,5,5,5,5,5,4,5,5,5,5,5,5,2,10/1/21 17:06,3,2,2,2,2,2,2,3,2,10/1/21 17:06,10,0,0,7,5,2,10/1/21 17:08,4,1,3,3,2,4,4,5,5,5,3,5,5,5,5,5,5,5,5,5,5,5,5,5,2,,,,0,,,,0,,,,0,10/1/21 17:16,6,6,5,5,8,10,8,8,8,8,2,10/1/21 17:16,4,1,2,3,2,4,4,5,5,5,3,4,4,4,4,4,4,4,4,4,4,4,4,4,2,10/1/21 17:17,5,5,1,3,3,5,3,3,3,3,3,3,2,10/1/21 17:17,2,,,,0,,,,0,,,0,,,,,,,0,,,,,,,,,,,,,,,,,,,,,,,,,,0,,,,0,,,,0,,,,0,,,,0,,,,,,,,,,,,0,,,,,,,,,,,,,,,,,,,,,,,,,,0,,,,,,,,,,,,,,0,,,,0,,,,0,,,,0,,,,0,,,,,,,,,,,,0,,,,,,,,,,,,,,,,,,,,,,,,,,0,,,,,,,,,,,,,,0,,,,,,,0,,,,,,,,,,,,,,,,,,,,,,,,,,0,,,,0,,,,0,,,,0,,,,0,,,,,,,,,,,,0,,,,,,,,,,,,,,,,,,,,,,,,,,0,,,,,,,,,,,,,,0,,,,0,,,,0,,,,0,,,,0,,,,,,,,,,,,0,,,,,,,,,,,,,,,,,,,,,,,,,,0,,,,,,,,,,,,,,0
130048,9/30/21 1:06,1,,20,2,0,0,1,1,1,1,1,0,1,1,2,9/30/21 22:01,1,2,9/30/21 22:04,1,1,,2,Female,Heterosexual ,0,0,0,1,0,0,0,0,0,,3,,0,1,0,0,1,0,0,0,0,0,0,0,,1,Psychology,1,1,,I believe in god,2,1,5,3,3,1,2,,2,,2,,2,9/30/21 22:13,8,8,0,3,7,3,5,9,5,0,3,7,3,5,0,0,0,1,4,0,0,0,0,0,1,0,0,0,0,0,0,0,1,0,0,0,5,5,0,5,5,0,5,5,0,5,5,0,0,5,10,5,0,0,10,5,10,10,10,5,10,7,2,9/30/21 22:15,4,1,3,0,2,0,1,0,0,0,0,0,1,0,0,0,0,0,,2,1,3,2,4,3,2,9/30/21 22:21,2,1,1,0,2,2,2,1,1,1,0,2,1,1,0,1,2,1,2,0,0,1,0,0,1,2,0,2,0,2,0,1,1,2,2,9/30/21 22:23,2,3,1,1,2,2,1,3,2,3,2,2,1,3,2,9/30/21 22:28,1,0,1,0,0,0,0,1,0,0,0,1,0,0,2,0,0,2,0,0,2,0,1,1,0,1,0,0,0,0,2,0,0,0,1,0,2,0,0,0,0,1,0,2,2,9/30/21 22:41,1,2,4,3,2,1,4,4,2,4,2,9/30/21 22:42,1,0,0,0,0,0,0,2,9/30/21 22:44,2,1,5,1,3,5,1,3,1,1,4,2,4,2,3,3,1,5,1,2,2,9/30/21 22:54,1,1,1,1,2,2,1,3,1,2,1,1,1,3,2,1,1,1,2,2,1,1,1,2,1,1,1,2,10/1/21 21:05,"The last time I felt upset was a few weeks ago. I was working on an assignment after work and right as I went to submit it, the clock hit 12 and I was unable to submit the assignment I worked hard on. It made me really upset since I had the work done and I was about to submit it, and after that all the anxiety just piled on.",5,5,5,1,1,3,5,1,1,1,5,3,1,5,5,1,5,1,5,1,3,1,1,1,2,3,3,1,5,1,3,5,5,5,5,5,1,5,1,5,5,2,10/1/21 21:08,5,5,5,5,5,5,4,5,5,4,5,4,4,5,5,5,5,5,5,5,2,10/1/21 21:11,1,,1,1,,1,1,1,1,1,1,1,1,1,1,,1,,1,,,,1,1,1,1,,1,1,,1,,,1,1,,1,1,1,,,,,,1,,,,1,1,2,10/1/21 21:15,4,7,1,4,1,7,4,1,2,2,4,1,2,1,2,7,1,6,7,2,1,7,2,2,10/1/21 21:16,4,4,2,4,4,2,4,4,2,4,3,4,2,1,4,4,2,2,4,3,4,4,3,4,4,4,4,4,4,4,2,2,10/1/21 21:17,2,4,1,1,2,1,3,1,1,3,2,1,2,,,,,,,,,,,,0,,,,,,,,,,,,,,0,,,,,,,,,,,,,,,,,,,,,,,,,,,,,0,,,,,,,,,,,,,,,,,,,,,,,,,,,,0,,,,,,,,,,,,,,0,,,,,,,,,,0,,,,,,,0,,,,,,,,,,,,,,,,,,,,,,,,,,0,,,,0,,,,0,,,,0,,,,,,,,,,,,0,,,,,,,,,,,,,,,,,,,,,,,,,,0,,,,,,,,,,,,,,0,,0,,,,0,,,,0,,,0,,,,,,,0,,,,,,,,,,,,,,,,,,,,,,,,,,0,,,,0,,,,0,,,,0,,,,0,,,,,,,,,,,,0,,,,,,,,,,,,,,,,,,,,,,,,,,0,,,,,,,,,,,,,,0,,,,0,,,,0,,,,0,,,,0,,,,,,,,,,,,0,,,,,,,,,,,,,,,,,,,,,,,,,,0,,,,,,,,,,,,,,0,,,,,,,0,,,,,,,,,,,,,,,,,,,,,,,,,,0,,,,0,,,,0,,,,0,,,,0,,,,,,,,,,,,0,,,,,,,,,,,,,,,,,,,,,,,,,,0,,,,,,,,,,,,,,0,,,,0,,,,0,,,,0,,,,0,,,,,,,,,,,,0,,,,,,,,,,,,,,,,,,,,,,,,,,0,,,,,,,,,,,,,,0
130049,10/4/21 10:28,1,,23,2,0,0,1,1,1,1,1,1,1,1,2,,,0,,,,,,,,0,0,0,0,0,0,0,0,0,,,,0,0,0,0,0,0,0,0,0,0,0,0,,,,,,,,,,,,,,,,,,,,0,,,,,,,,,,,,,,,,0,0,0,0,,0,0,0,0,0,0,0,0,0,0,0,0,0,0,,,,,,,,,,,,,,,,,,,,,,,,,,,,,,0,,,,,,,0,0,0,0,0,0,0,0,0,0,0,0,0,,,,,,,,0,,,,,,,,,,,,,,,,,,,,,,,,,,,,,,,,,,,,0,,,,,,,,,,,,,,,,0,,,,,,,,,,,,,,,,,,,,,,,,,,,,,,,,,,,,,,,,,,,,,,0,,,,,,,,,,,,0,,,,,,,,,0,,,,,,,,,,,,,,,,,,,,,,0,,,,,,,,,,,,,,,,,,,,,,,,,,,,,0,,,,,,,,,,,,,,,,,,,,,,,,,,,,,,,,,,,,,,,,,,,,0,,,,,,,,,,,,,,,,,,,,,,0,,,,,,,,,,,,,,,,,,,,,,,,,,,,,,,,,,,,,,,,,,,,,,,,,,,,0,,,,,,,,,,,,,,,,,,,,,,,,,0,,,,,,,,,,,,,,,,,,,,,,,,,,,,,,,,,0,,,,,,,,,,,,,,0,,,,,,,,,,,,0,,,,,,,,,,,,,,0,,,,,,,,,,,,,,,,,,,,,,,,,,,,,0,,,,,,,,,,,,,,,,,,,,,,,,,,,,0,,,,,,,,,,,,,,0,,,,,,,,,,0,,,,,,,0,,,,,,,,,,,,,,,,,,,,,,,,,,0,,,,0,,,,0,,,,0,,,,,,,,,,,,0,,,,,,,,,,,,,,,,,,,,,,,,,,0,,,,,,,,,,,,,,0,,0,,,,0,,,,0,,,0,,,,,,,0,,,,,,,,,,,,,,,,,,,,,,,,,,0,,,,0,,,,0,,,,0,,,,0,,,,,,,,,,,,0,,,,,,,,,,,,,,,,,,,,,,,,,,0,,,,,,,,,,,,,,0,,,,0,,,,0,,,,0,,,,0,,,,,,,,,,,,0,,,,,,,,,,,,,,,,,,,,,,,,,,0,,,,,,,,,,,,,,0,,,,,,,0,,,,,,,,,,,,,,,,,,,,,,,,,,0,,,,0,,,,0,,,,0,,,,0,,,,,,,,,,,,0,,,,,,,,,,,,,,,,,,,,,,,,,,0,,,,,,,,,,,,,,0,,,,0,,,,0,,,,0,,,,0,,,,,,,,,,,,0,,,,,,,,,,,,,,,,,,,,,,,,,,0,,,,,,,,,,,,,,0