measure,english,translated_esla,backtranslated_esla,reconciled_esla,final_esla,corrected_esla_2023-5
EDS-P,"Everyday Discrimination Scale (Short Version, Parent Report)","Escala de Discrimanción Diaria (Versión Corta, Reporte Para Los Padres)","Daily Discrimination Scale (Short version, Parent Report)","BACK: Would ""everyday"" also match the Spanish? --confirmed","Escala de Discrimanción Diaria (Versión Corta, Reporte Para Los Padres)",
EDS-P,In your child’s day-to-day life how often have any of the following things happened to them?,"En la vida diaria de su hijo/a, ¿con que frecuencia le ha sucedido alguna de las siguientes cosas?","In the daily life of your son/daughter, how often have any of the following things occurred to you?","BACK: Does the Spanish imply ""you""? -- no, back translator re-reviewed and revised to ""In the daily life of your son/daughter, how often have any of the following things occurred?""","En la vida diaria de su hijo/a, ¿con que frecuencia le ha sucedido alguna de las siguientes cosas?",
EDS-P,Almost everyday,Casi todos los días,Almost every day,,Casi todos los días,
EDS-P,At least once a week,Al menos una vez por semana,At least once a week,,Al menos una vez por semana,
EDS-P,A few times a month,Algunas veces al mes,A few times a month,,Algunas veces al mes,
EDS-P,A few times a year,Algunas veces al año,A few times a year,,Algunas veces al año,
EDS-P,Less than once a year,Menos de una vez al año,Less than once a year,,Menos de una vez al año,
EDS-P,Never,Nunca,Never,,Nunca,
EDS-P,Your child is treated with less courtesy or respect than other people.,Su hijo/a es tratado con menos cortesía o respeto que otras personas.,Your son/daughter is treated with less courtesy or respect than other people,,Su hijo/a es tratado con menos cortesía o respeto que otras personas.,
EDS-P,Your child receives poorer service than other people at restaurants or stores.,Su hijo/a recibe peor servicio que otras personas en un restaurante o en una tienda.,Your son/daughter has received worse service than other people in a restaurant or in a store,"BACK: Because of the use of the present perfect (""has received""), the wording sounds specific versus general; is this intentional? -- yes, the way it's written in the acutal spanish implies past action that has specifically happened --decision that Spanish is accurate as is",Su hijo/a recibe peor servicio que otras personas en un restaurante o en una tienda.,
EDS-P,People act as if they think your child is not smart.,La gente actúa como si pensaran que su hijo/a no es inteligente.,People act as if they think your son/daughter is not intelligent,,La gente actúa como si pensaran que su hijo/a no es inteligente.,
EDS-P,People act as if they are afraid of your child.,La gente actúa como si le tuvieran miedo a su hijo/a.,People act as if they are afraid of your son/daughter,,La gente actúa como si le tuvieran miedo a su hijo/a.,
EDS-P,Your child is threatened or harassed.,Su hijo es amenazado o acosado.,Your son has been threatened or harassed. ,"FORWARD: Missing ""daughter"".
BACK: Because of the use of the present perfect (""has been""), the wording sounds specific versus general; is this intentional? -- yes, the way it's written in the acutal spanish implies past action that has specifically happened; decision that Spanish is accurate as is",Su hijo/a es amenazado o acosado.,
EDS-P,"If you answered “A few times a year” or more frequently to at least one question above,
what do you think is the main reason for these experiences?",Preguntas de seguimiento (Preguntadas solo a los que respondieron “Un par de veces al año” o con más frecuencia a al menos una pregunta): ¿Cual crees que es la razón principal para estas experiencias?,"Follow-up questions (Ask them only if they responded ""A few times a year"" or higher frequency for at least one question). What do you think is the main reason for these experiences?",FORWARD: Format does not match English (looks like a discrepancy in the EDS self-report Spanish).,Si usted respondió “Algunas veces al año” o con más frecuencia a al menos una pregunta: ¿Cual crees que es la razón principal para estas experiencias?,
EDS-P,(Check all that apply.),(Marque todo lo que corresponda.),Mark all that corresponds,"BACK: Would ""applies"" match the Spanish? --confirmed",(Marque todo lo que corresponda.),
EDS-P,Your child’s ancestry or national origins,La ascendencia u origen nacional de su hijo/a,The ancestry or national origin of your son/daughter,,La ascendencia u origen nacional de su hijo/a,
EDS-P,Your child's gender,El género de su hijo/a,The gender of your son/daughter,,El género de su hijo/a,
EDS-P,Your child's race,La raza de su hijo/a,The race of your son/daughter,,La raza de su hijo/a,
EDS-P,Your child's age,La edad de su hijo/a,The age of your son/daughter,,La edad de su hijo/a,
EDS-P,Your child's religion,La religión de su hijo/a,The religion of your son/daughter,,La religión de su hijo/a,
EDS-P,Your child's height,La estatura de su hijo/a,The height of your son/daughter,,La estatura de su hijo/a,
EDS-P,Your child's weight,El peso de su hijo/a,The weight of your son/daughter,,El peso de su hijo/a,
EDS-P,Some other aspect of your child's physical appearance,Un otro aspecto de la apariencia física de su hijo/a,Other aspect of the physical appearance of your son/daughter,,Un otro aspecto de la apariencia física de su hijo/a,
EDS-P,Your child's sexual orientation,La orientación sexual de su hijo/a,The sexual orientation of your son/daughter,,La orientación sexual de su hijo/a,
EDS-P,Your family's education or income level,El nivel de educación o nivel de ingreso de su familia,The educational level or income of your family,,El nivel de educación o nivel de ingreso de su familia,
EDS-P,A physical diability,Una discapacidad física,A physical disability,,Una discapacidad física,
EDS-P,Your child's shade of skin color,El color de piel de su hijo/a,The color of your son's/daughter's skin,"FORWARD: Missing the subtlety of ""shade"" within ""skin color"".",El tono de piel de su hijo/a,
EDS-P,Other (specify),Otro (Especifique),Other (Specify),,Otro (Especifique),
HVS-P,Heightened Vigilance Scale (Parent Report),Escala de Vigilancia Aumentada (Reporte Para Los Padres),Heightened Vigilance Scale,"BACK: Missing ""Reporte Para Los Padres"". --from back translator: ""Parent Report""",Escala de Vigilancia Aumentada (Reporte Para Los Padres),
HVS-P,"In dealing with these day-to-day experiences that you just told me about, how often does your child:","Al lidiar con estas experiencias de la vida diaria de las que me acaba de hablar, ¿con qué frecuencia su hijo/a:","When dealing with these experiences of daily living that you just told me, how often does your son/daughter:",,"Al lidiar con estas experiencias de la vida diaria de las que me acaba de hablar, ¿con qué frecuencia su hijo/a:",
HVS-P,Very often,Muy a menudo,Very often,,Muy a menudo,
HVS-P,Fairly often,Bastante a menudo,Fairly often,,Bastante a menudo,
HVS-P,Not too often,No tan a menudo,Not very often,,No tan a menudo,
HVS-P,Hardly ever,Prácticamente nunca,Practically never,"FORWARD: Is ""practically never"" far enough from ""never"" to be distinct (as opposed to ""hardly ever"")?",Casi nunca,
HVS-P,Never,Nunca,Never,,Nunca,
HVS-P,Think in advance about the kinds of problems they are likely to experience?,¿Piensa de antemano en los tipos de problemas que es probable que experience?,Think in advance about the kinds of problems you are likely to experience?,"FORWARD: Does the Spanish imply ""you""? --no, back translator confirmed ok as is",¿Piensa de antemano en los tipos de problemas que es probable que experience?,¿Piensa de antemano en los tipos de problemas que es probable que experimente?
HVS-P,Try to prepare for possible insults before leaving home?,¿Intenta prepararse para posibles insultos antes de salir de casa?,Try to prepare for possible insults before leaving home?,,¿Intenta prepararse para posibles insultos antes de salir de casa?,
HVS-P,Feel that they always have to be very careful about their appearance to get good service or avoid being harassed?,¿Siente que siempre tiene que tener mucho cuidado con su apariencia para recibir un buen servicio o evitar ser acosado?,Feel that you always have to be very careful with your appearance to receive good service or avoid being harassed?,"BACK: Does the Spanish imply ""you""? -- no, back translator confirmed should be ""their""",¿Siente que siempre tiene que tener mucho cuidado con su apariencia para recibir un buen servicio o evitar ser acosado?,
HVS-P,Carefully watch what they say and how they say it?,¿Observa cuidadosamente lo que dicen y cómo lo dicen?,Carefully watch what you say or how you say it?,"BACK: Does the Spanish imply ""you""? -- no, back translator confirmed should be ""their""",¿Observa cuidadosamente lo que dicen y cómo lo dicen?,
HVS-P,Carefully observe what happens around them?,¿Observa cuidadosamente lo que sucede a su alrededor?,Carefully watch what happens around you?,"BACK: Does the Spanish imply ""you""? -- no, back translator confirmed should be ""their""",¿Observa cuidadosamente lo que sucede a su alrededor?,
HVS-P,Try to avoid certain social situations and places?,¿Trata de evitar ciertas situaciones sociales y lugares?,Try to avoid certain social situations and places?,,¿Trata de evitar ciertas situaciones sociales y lugares?,